,Player,Mat,Inns,Ov,Runs,Wkts,BBI,Avg,Econ,SR,4w,5w
0,Sohail Tanvir,11,11,41.1,266,22,6/14,12.09,6.46,11.22,1,1
1,Shane Warne,15,15,52.0,404,19,3/19,21.26,7.76,16.42,0,0
2,Shanthakumaran Sreesanth,15,15,51.1,442,19,3/29,23.26,8.63,16.15,0,0
3,Shane Watson,15,15,54.1,383,17,3/10,22.52,7.07,19.11,0,0
4,Manpreet Gony,16,16,60.0,443,17,3/34,26.05,7.38,21.17,0,0
5,Piyush Chawla,15,15,46.5,389,17,3/25,22.88,8.3,16.52,0,0
6,Albie Morkel,13,13,48.0,399,17,4/32,23.47,8.31,16.94,1,0
7,Yo Mahesh,11,11,42.1,370,16,4/36,23.12,8.77,15.81,1,0
8,Irfan Pathan,14,14,53.0,350,15,2/18,23.33,6.6,21.2,0,0
9,MF Maharoof,10,10,36.0,249,15,3/34,16.6,6.91,14.4,0,0
10,RP Singh,14,14,51.2,442,15,3/35,29.46,8.61,20.53,0,0
11,Munaf Patel,15,15,55.0,420,14,3/17,30.0,7.63,23.57,0,0
12,Siddharth Trivedi,15,15,48.0,399,13,2/25,30.69,8.31,22.15,0,0
13,Zaheer Khan,11,11,42.0,357,13,3/38,27.46,8.5,19.38,0,0
14,Glenn McGrath,14,14,54.0,357,12,4/29,29.75,6.61,27.0,1,0
15,Ashish Nehra,14,14,44.5,348,12,3/13,29.0,7.76,22.41,0,0
16,Umar Gul,6,6,22.3,184,12,4/23,15.33,8.17,11.25,1,0
17,Shaun Pollock,13,13,46.0,301,11,3/12,27.36,6.54,25.09,0,0
18,Muttiah Muralitharan,15,15,58.0,404,11,2/39,36.72,6.96,31.63,0,0
19,Amit Mishra,6,6,19.5,142,11,5/17,12.9,7.15,10.81,0,1
20,Pragyan Ojha,13,12,37.0,284,11,2/18,25.81,7.67,20.18,0,0
21,Dhawal Kulkarni,10,10,29.3,236,11,3/33,21.45,8.0,16.09,0,0
22,Dwayne Bravo,9,9,28.3,232,11,3/24,21.09,8.14,15.54,0,0
23,Praveen Kumar,13,13,44.4,366,11,3/23,33.27,8.19,24.36,0,0
24,Lakshmipathy Balaji,9,9,33.0,286,11,5/24,26.0,8.66,18.0,0,1
25,Vikram Singh,13,13,48.0,420,11,3/29,38.18,8.75,26.18,0,0
26,Dale Steyn,10,10,38.0,252,10,3/27,25.2,6.63,22.8,0,0
27,Dilhara Fernando,5,5,20.0,160,10,4/18,16.0,8.0,12.0,1,0
28,Shahid Afridi,10,10,30.0,225,9,3/28,25.0,7.5,20.0,0,0
29,Ashok Dinda,13,12,38.0,258,8,3/33,32.25,6.78,28.5,0,0
30,Ishant Sharma,13,13,43.1,331,8,2/9,41.37,7.66,32.37,0,0
31,Ajit Agarkar,9,9,26.0,207,8,3/25,25.87,7.96,19.5,0,0
32,Yusuf Pathan,16,13,28.1,230,8,3/22,28.75,8.16,21.12,0,0
33,Mohammad Asif,8,8,32.0,296,8,2/19,37.0,9.25,24.0,0,0
34,Joginder Sharma,8,7,24.4,239,8,2/27,29.87,9.68,18.5,0,0
35,Makhaya Ntini,9,9,35.0,242,7,4/21,34.57,6.91,30.0,1,0
36,Anil Kumble,10,10,38.2,304,7,3/14,43.42,7.93,32.85,0,0
37,James Hopes,11,11,28.0,276,7,2/2,39.42,9.85,24.0,0,0
38,Palani Amarnath,6,6,22.0,236,7,2/29,33.71,10.72,18.85,0,0
39,Sourav Ganguly,13,7,20.0,128,6,2/21,21.33,6.4,20.0,0,0
40,Rajat Bhatia,9,9,22.0,183,6,2/17,30.5,8.31,22.0,0,0
41,Laxmi Ratan Shukla,13,9,12.0,124,6,3/6,20.66,10.33,12.0,0,0
42,Dwayne Smith,4,4,11.0,83,5,3/26,16.6,7.54,13.2,0,0
43,Shoaib Akhtar,3,3,7.0,54,5,4/11,10.8,7.71,8.4,1,0
44,Vinay Kumar,8,8,23.0,182,5,3/27,36.4,7.91,27.6,0,0
45,Harbhajan Singh,3,3,10.0,82,5,3/32,16.4,8.2,12.0,0,0
46,Rohan Raje,6,6,16.2,137,5,2/16,27.4,8.38,19.6,0,0
47,Chaminda Vaas,5,5,17.0,145,5,2/9,29.0,8.52,20.4,0,0
48,Pradeep Sangwan,7,7,24.0,215,5,2/29,43.0,8.95,28.8,0,0
49,Brett Lee,4,4,16.0,112,4,1/9,28.0,7.0,24.0,0,0
50,Sanath Jayasuriya,14,8,21.0,159,4,3/14,39.75,7.57,31.5,0,0
51,Paidikalva Vijaykumar,9,9,25.2,199,4,1/17,49.75,7.85,38.0,0,0
52,Sanjay Bangar,11,9,25.0,219,4,2/34,54.75,8.76,37.5,0,0
53,Jacques Kallis,11,11,34.2,311,4,2/39,77.75,9.05,51.5,0,0
54,Dominic Thornely,6,4,7.0,40,3,2/7,13.33,5.71,14.0,0,0
55,Scott Styris,8,8,27.0,199,3,1/24,66.33,7.37,54.0,0,0
56,Ramesh Powar,5,5,12.0,91,3,2/22,30.33,7.58,24.0,0,0
57,Murali Kartik,6,5,14.4,127,3,3/17,42.33,8.65,29.33,0,0
58,Yuvraj Singh,15,6,9.0,83,3,2/12,27.66,9.22,18.0,0,0
59,Jacob Oram,4,4,16.0,149,3,3/32,49.66,9.31,32.0,0,0
60,Gajendra Singh,4,4,14.0,141,3,1/33,47.0,10.07,28.0,0,0
61,Virender Sehwag,14,7,11.0,133,3,1/2,44.33,12.09,22.0,0,0
62,Daniel Vettori,2,2,8.0,54,2,1/19,27.0,6.75,24.0,0,0
63,Dimitri Mascarenhas,1,1,4.0,29,2,2/29,14.5,7.25,12.0,0,0
64,Balachandra Akhil,7,6,17.2,134,2,2/17,67.0,7.73,52.0,0,0
65,Virat Kohli,13,4,7.4,61,2,2/25,30.5,7.95,23.0,0,0
66,Nuwan Zoysa,3,3,11.0,99,2,1/30,49.5,9.0,33.0,0,0
67,Venugopal Rao,11,7,14.0,137,2,2/25,68.5,9.78,42.0,0,0
68,Siddharth Chitnis,3,2,6.0,60,2,2/40,30.0,10.0,18.0,0,0
69,Shoaib Malik,7,5,8.3,85,2,1/6,42.5,10.0,25.5,0,0
70,David Hussey,13,5,13.0,130,2,1/23,65.0,10.0,39.0,0,0
71,Musavir Khote,4,2,5.0,51,2,2/29,25.5,10.2,15.0,0,0
72,Doddapaneni Kalyankrishna,3,3,8.0,87,2,1/30,43.5,10.87,24.0,0,0
73,Tillakaratne Dilshan,7,1,1.0,3,1,1/3,3.0,3.0,6.0,0,0
74,Mohammad Hafeez,8,2,5.0,24,1,1/8,24.0,4.8,30.0,0,0
75,Ajantha Mendis,1,1,4.0,24,1,1/24,24.0,6.0,24.0,0,0
76,Rohit Sharma,13,1,4.0,25,1,1/25,25.0,6.25,24.0,0,0
77,PM Sarvesh Kumar,2,2,5.0,42,1,1/18,42.0,8.4,30.0,0,0
78,Sunil Joshi,4,4,9.1,82,1,1/27,82.0,8.94,55.0,0,0
79,Suresh Raina,16,2,3.2,30,1,1/20,30.0,9.0,20.0,0,0
80,Dwaraka Ravi Teja,7,1,2.0,19,1,1/19,19.0,9.5,12.0,0,0
81,Abhishek Nayar,14,5,7.0,68,1,1/18,68.0,9.71,42.0,0,0
82,Dinesh Salunkhe,6,5,7.5,78,1,1/21,78.0,9.95,47.0,0,0
83,Ashley Noffke,1,1,4.0,40,1,1/40,40.0,10.0,24.0,0,0
84,Andre Nel,1,1,3.0,31,1,1/31,31.0,10.33,18.0,0,0
85,Vidyut Sivaramakrishnan,9,1,2.0,22,1,1/22,22.0,11.0,12.0,0,0
86,Brett Geeves,2,2,8.0,91,1,1/50,91.0,11.37,48.0,0,0
87,Wilkin Mota,4,2,3.0,36,1,1/24,36.0,12.0,18.0,0,0
88,Iqbal Abdulla,1,1,3.0,22,0,0/22,0.0,7.33,0.0,0,0
89,Ravindra Jadeja,14,2,2.1,21,0,0/0,0.0,9.69,0.0,0,0
90,Pankaj Singh,5,5,12.0,129,0,0/12,0.0,10.75,0.0,0,0
91,Vikrant Yeligati,2,2,5.0,59,0,0/16,0.0,11.8,0.0,0,0
92,Karan Goel,7,1,2.0,25,0,0/25,0.0,12.5,0.0,0,0
93,Abdur Razzak,1,1,2.0,29,0,0/29,0.0,14.5,0.0,0,0
94,Andrew Symonds,4,3,6.5,101,0,0/20,0.0,14.78,0.0,0,0
95,Chamara Kapugedera,5,3,2.5,49,0,0/8,0.0,17.29,0.0,0,0
96,LPC Silva,3,1,1.0,21,0,0/21,0.0,21.0,0.0,0,0
97,Cameron White,8,1,1.0,24,0,0/24,0.0,24.0,0.0,0,0
98,RP Singh,16,16,59.4,417,23,4/22,18.13,6.98,15.56,1,0
99,Anil Kumble,16,16,59.1,347,21,5/5,16.52,5.86,16.9,1,1
100,Lasith Malinga,13,13,49.3,312,18,3/11,17.33,6.3,16.5,0,0
101,Pragyan Ojha,15,15,53.3,348,18,3/21,19.33,6.5,17.83,0,0
102,Irfan Pathan,14,14,50.2,390,17,3/35,22.94,7.74,17.76,0,0
103,Munaf Patel,11,11,34.5,241,16,2/14,15.06,6.91,13.06,0,0
104,Muttiah Muralitharan,13,13,50.0,261,14,3/11,18.64,5.22,21.42,0,0
105,Amit Mishra,11,11,42.1,294,14,3/14,21.0,6.97,18.07,0,0
106,Shane Warne,13,13,50.0,365,14,3/24,26.07,7.3,21.42,0,0
107,Yusuf Abdulla,9,9,28.0,241,14,4/31,17.21,8.6,12.0,2,0
108,Shadab Jakati,9,8,29.0,217,13,4/22,16.69,7.48,13.38,2,0
109,Praveen Kumar,13,13,49.4,394,13,3/30,30.3,7.93,22.92,0,0
110,Albie Morkel,12,12,40.0,324,13,2/13,24.92,8.1,18.46,0,0
111,Lakshmipathy Balaji,13,13,37.2,316,13,4/21,24.3,8.46,17.23,1,0
112,Harbhajan Singh,13,13,44.0,256,12,4/17,21.33,5.81,22.0,1,0
113,Piyush Chawla,14,14,44.5,308,12,2/22,25.66,6.86,22.41,0,0
114,Ishant Sharma,11,11,43.0,297,11,2/15,27.0,6.9,23.45,0,0
115,Ishant Sharma,11,11,43.0,297,11,2/15,27.0,6.9,23.45,0,0
116,Rohit Sharma,16,12,23.0,161,11,4/6,14.63,7.0,12.54,1,0
117,Dwayne Bravo,11,11,33.1,259,11,3/34,23.54,7.8,18.09,0,0
118,Amit Singh,5,5,17.3,95,9,4/19,10.55,5.42,11.66,1,0
119,Roelof van der Merwe,10,10,34.0,248,9,2/22,27.55,7.29,22.66,0,0
120,Vinay Kumar,11,11,32.2,271,9,2/30,30.11,8.38,21.55,0,0
121,Suresh Raina,14,10,27.4,164,7,2/17,23.42,5.92,23.71,0,0
122,Andrew Symonds,8,8,24.0,160,7,2/18,22.85,6.66,20.57,0,0
123,Yusuf Pathan,13,11,35.0,243,7,3/34,34.71,6.94,30.0,0,0
124,Brad Hodge,12,9,20.0,161,7,3/29,23.0,8.05,17.14,0,0
125,Sanath Jayasuriya,12,9,19.0,163,7,2/3,23.28,8.57,16.28,0,0
126,Ravindra Jadeja,13,10,23.2,151,6,3/15,25.16,6.47,23.33,0,0
127,Zaheer Khan,6,6,21.0,142,6,3/31,23.66,6.76,21.0,0,0
128,Dimitri Mascarenhas,5,5,19.2,132,6,3/20,22.0,6.82,19.33,0,0
129,Kamran Khan,5,5,17.4,124,6,3/18,20.66,7.01,17.66,0,0
130,Yuvraj Singh,14,9,20.0,142,6,3/13,23.66,7.1,20.0,0,0
131,Ryan Harris,8,8,31.0,230,6,3/27,38.33,7.41,31.0,0,0
132,Siddharth Trivedi,7,7,20.0,152,6,2/19,25.33,7.6,20.0,0,0
133,Jacques Kallis,15,14,46.0,353,6,2/18,58.83,7.67,46.0,0,0
134,Shanthakumaran Sreesanth,7,7,23.0,192,6,2/20,32.0,8.34,23.0,0,0
135,Ajit Agarkar,11,11,31.0,284,6,2/15,47.33,9.16,31.0,0,0
136,Brett Lee,5,5,20.0,111,5,3/15,22.2,5.55,24.0,0,0
137,Ramesh Powar,9,8,21.0,132,5,2/11,26.4,6.28,25.2,0,0
138,Sudeep Tyagi,8,8,19.0,136,5,2/18,27.2,7.15,22.8,0,0
139,Tirumalasetti Suman,12,5,15.0,108,5,2/14,21.6,7.2,18.0,0,0
140,Dhawal Kulkarni,8,8,26.0,206,5,1/21,41.2,7.92,31.2,0,0
141,Scott Styris,2,2,8.0,64,5,3/32,12.8,8.0,9.6,0,0
142,Jacob Oram,11,7,15.3,133,5,2/12,26.6,8.58,18.6,0,0
143,Shoaib Ahmed,7,7,17.0,152,5,2/20,30.4,8.94,20.4,0,0
144,Manpreet Gony,7,7,17.0,172,5,2/32,34.4,10.11,20.4,0,0
145,JP Duminy,13,6,17.3,93,4,2/15,23.25,5.31,26.25,0,0
146,Murali Kartik,10,10,34.0,201,4,2/28,50.25,5.91,51.0,0,0
147,Kevin Pietersen,6,4,13.0,85,4,2/31,21.25,6.53,19.5,0,0
148,Abhishek Nayar,13,4,12.0,84,4,3/13,21.0,7.0,18.0,0,0
149,Balachandra Akhil,6,5,11.0,80,4,2/18,20.0,7.27,16.5,0,0
150,Dillon du Preez,2,2,7.0,56,4,3/32,14.0,8.0,10.5,0,0
151,Ashok Dinda,9,8,24.0,193,4,1/24,48.25,8.04,36.0,0,0
152,Venugopal Rao,16,6,15.0,122,4,2/23,30.5,8.13,22.5,0,0
153,Chaminda Vaas,2,2,8.0,71,4,2/19,17.75,8.87,12.0,0,0
154,Charl Langeveldt,1,1,4.0,15,3,3/15,5.0,3.75,8.0,0,0
155,Johan Botha,3,3,12.0,74,3,2/19,24.66,6.16,24.0,0,0
156,Jesse Ryder,5,5,17.0,115,3,2/14,38.33,6.76,34.0,0,0
157,Wilkin Mota,8,5,9.0,61,3,1/6,20.33,6.77,18.0,0,0
158,Laxmi Ratan Shukla,9,5,14.0,100,3,3/25,33.33,7.14,28.0,0,0
159,Shane Harwood,3,3,10.0,73,3,2/25,24.33,7.3,20.0,0,0
160,Ajantha Mendis,4,4,16.0,117,3,2/19,39.0,7.31,32.0,0,0
161,Thilan Thushara,2,2,8.0,60,3,2/28,20.0,7.5,16.0,0,0
162,Harmeet Singh Bansal,7,7,22.5,192,3,2/23,64.0,8.4,45.66,0,0
163,Ravichandran Ashwin,2,1,4.0,13,2,2/13,6.5,3.25,12.0,0,0
164,Dale Steyn,3,3,9.0,62,2,1/21,31.0,6.88,27.0,0,0
165,Chetanya Nanda,3,3,8.0,57,2,1/4,28.5,7.12,24.0,0,0
166,KP Appanna,5,5,12.0,87,2,1/24,43.5,7.25,36.0,0,0
167,Sourav Ganguly,13,6,12.0,97,2,2/24,48.5,8.08,36.0,0,0
168,Joginder Sharma,4,4,7.0,57,2,1/10,28.5,8.14,21.0,0,0
169,Vikramjeet Malik,5,5,12.0,98,2,1/12,49.0,8.16,36.0,0,0
170,Moises Henriques,4,4,12.1,107,2,1/32,53.5,8.79,36.5,0,0
171,Pankaj Singh,3,3,7.0,65,2,2/31,32.5,9.28,21.0,0,0
172,Anureet Singh,3,2,5.0,47,2,2/35,23.5,9.4,15.0,0,0
173,Andrew Flintoff,3,3,11.0,105,2,1/11,52.5,9.54,33.0,0,0
174,Ajinkya Rahane,8,1,1.0,5,1,1/5,5.0,5.0,6.0,0,0
175,Lee Carseldine,5,1,1.0,6,1,1/6,6.0,6.0,6.0,0,0
176,Tyron Henderson,2,2,6.0,40,1,1/30,40.0,6.66,36.0,0,0
177,Graham Napier,1,1,4.0,27,1,1/27,27.0,6.75,24.0,0,0
178,Chris Gayle,7,7,18.5,144,1,1/21,144.0,7.64,113.0,0,0
179,Dwayne Smith,8,8,14.0,124,1,1/25,124.0,8.85,84.0,0,0
180,Vikram Singh,5,4,9.0,82,1,1/22,82.0,9.11,54.0,0,0
181,Rohan Raje,4,4,6.5,72,1,1/25,72.0,10.53,41.0,0,0
182,Ravi Bopara,5,2,1.2,5,0,0/1,0.0,3.75,0.0,0,0
183,Morne Morkel,2,2,7.0,40,0,0/20,0.0,5.71,0.0,0,0
184,Karan Goel,9,4,8.0,61,0,0/11,0.0,7.62,0.0,0,0
185,Virat Kohli,16,3,6.0,46,0,0/9,0.0,7.66,0.0,0,0
186,David Hussey,4,3,4.0,34,0,0/6,0.0,8.5,0.0,0,0
187,Abhishek Raut,9,4,4.0,36,0,0/6,0.0,9.0,0.0,0,0
188,Sachin Tendulkar,13,4,6.0,58,0,0/7,0.0,9.66,0.0,0,0
189,Abhimanyu Mithun,1,1,4.0,42,0,0/42,0.0,10.5,0.0,0,0
190,Jaskaran Singh,2,1,3.0,32,0,0/32,0.0,10.66,0.0,0,0
191,Rahil Shaikh,1,1,1.0,11,0,0/11,0.0,11.0,0.0,0,0
192,Ranadeb Bose,1,1,2.0,24,0,0/24,0.0,12.0,0.0,0,0
193,Ross Taylor,11,1,1.0,13,0,0/13,0.0,13.0,0.0,0,0
194,Angelo Mathews,1,1,2.2,31,0,0/31,0.0,13.28,0.0,0,0
195,Mashrafe Mortaza,1,1,4.0,58,0,0/58,0.0,14.5,0.0,0,0
196,Pragyan Ojha,16,16,58.5,429,21,3/26,20.42,7.29,16.8,0,0
197,Anil Kumble,16,16,63.2,407,17,4/16,23.94,6.42,22.35,1,0
198,Amit Mishra,14,14,53.0,363,17,3/25,21.35,6.84,18.7,0,0
199,Harbhajan Singh,15,14,53.3,377,17,3/31,22.17,7.04,18.88,0,0
200,Vinay Kumar,14,14,46.1,396,16,4/40,24.75,8.57,17.31,1,0
201,Muttiah Muralitharan,12,12,48.0,329,15,3/16,21.93,6.85,19.2,0,0
202,Dale Steyn,15,15,59.0,406,15,3/18,27.06,6.88,23.6,0,0
203,Lasith Malinga,13,13,49.0,344,15,4/22,22.93,7.02,19.6,1,0
204,Kieron Pollard,14,12,37.0,274,15,3/17,18.26,7.4,14.8,0,0
205,Zaheer Khan,14,14,48.2,376,15,3/21,25.06,7.77,19.33,0,0
206,Irfan Pathan,14,14,46.2,426,15,3/24,28.4,9.19,18.53,0,0
207,Ryan Harris,8,8,30.4,233,14,3/18,16.64,7.59,13.14,0,0
208,Ravichandran Ashwin,12,12,48.0,293,13,3/16,22.53,6.1,22.15,0,0
209,Shadab Jakati,11,11,38.0,291,13,2/17,22.38,7.65,17.53,0,0
210,Jacques Kallis,16,16,57.0,476,13,2/3,36.61,8.35,26.3,0,0
211,RP Singh,12,12,42.0,370,13,3/17,28.46,8.8,19.38,0,0
212,Doug Bollinger,8,8,31.0,207,12,4/13,17.25,6.67,15.5,1,0
213,Andrew Symonds,16,16,53.0,372,12,3/21,31.0,7.01,26.5,0,0
214,Piyush Chawla,14,14,49.0,367,12,3/24,30.58,7.48,24.5,0,0
215,Siddharth Trivedi,11,10,35.3,260,11,3/16,23.63,7.32,19.36,0,0
216,Shane Warne,14,14,50.0,381,11,4/21,34.63,7.62,27.27,1,0
217,Albie Morkel,14,14,47.4,405,11,2/23,36.81,8.49,26.0,0,0
218,Praveen Kumar,12,12,45.0,380,10,3/18,38.0,8.44,27.0,0,0
219,Shaun Tait,8,8,31.1,264,10,3/22,26.4,8.47,18.7,0,0
220,Chaminda Vaas,6,6,22.0,139,9,3/21,15.44,6.31,14.66,0,0
221,Murali Kartik,10,10,39.0,253,9,2/20,28.11,6.48,26.0,0,0
222,Ashok Dinda,7,7,23.1,152,9,2/15,16.88,6.56,15.44,0,0
223,Shane Bond,8,8,31.0,224,9,2/24,24.88,7.22,20.66,0,0
224,Pradeep Sangwan,8,8,31.0,258,9,3/22,28.66,8.32,20.66,0,0
225,Harmeet Singh Bansal,8,8,24.0,174,8,2/24,21.75,7.25,18.0,0,0
226,Angelo Mathews,14,12,37.3,314,8,4/19,39.25,8.37,28.12,1,0
227,MF Maharoof,7,7,24.0,206,8,2/13,25.75,8.58,18.0,0,0
228,Dirk Nannes,9,9,34.2,224,7,2/12,32.0,6.52,29.42,0,0
229,Dilhara Fernando,5,5,19.0,138,7,2/23,19.71,7.26,16.28,0,0
230,Lakshmipathy Balaji,7,7,23.2,207,7,2/9,29.57,8.87,20.0,0,0
231,Ishant Sharma,7,7,25.0,236,7,2/33,33.71,9.44,21.42,0,0
232,Ashish Nehra,4,4,14.0,96,6,3/26,16.0,6.85,14.0,0,0
233,Suresh Raina,16,12,23.5,178,6,1/0,29.66,7.46,23.83,0,0
234,Umesh Yadav,7,7,24.0,184,6,2/24,30.66,7.66,24.0,0,0
235,Juan Theron,7,7,24.0,187,6,2/17,31.16,7.79,24.0,0,0
236,Shane Watson,6,6,22.0,184,6,3/37,30.66,8.36,22.0,0,0
237,Shalabh Srivastava,8,8,27.0,255,6,2/23,42.5,9.44,27.0,0,0
238,Jaskaran Singh,6,6,14.0,139,6,2/18,23.16,9.92,14.0,0,0
239,Yuvraj Singh,14,10,23.0,152,5,2/21,30.4,6.6,27.6,0,0
240,Paul Collingwood,8,6,14.5,101,5,2/19,20.2,6.8,17.8,0,0
241,Thilan Thushara,4,4,14.3,101,5,2/16,20.2,6.96,17.4,0,0
242,Yusuf Pathan,14,11,34.0,246,5,2/9,49.2,7.23,40.8,0,0
243,Charl Langeveldt,3,3,11.0,88,5,2/26,17.6,8.0,13.2,0,0
244,Rahul Sharma,6,6,20.4,167,5,2/42,33.4,8.08,24.8,0,0
245,Ravi Bopara,10,5,13.0,127,5,3/31,25.4,9.76,15.6,0,0
246,Andrew McDonald,4,4,14.0,138,5,2/37,27.6,9.85,16.8,0,0
247,Aditya Dole,3,3,11.0,112,5,2/36,22.4,10.18,13.2,0,0
248,Sumit Narwal,5,5,15.4,185,5,3/36,37.0,11.8,18.8,0,0
249,Ryan McLaren,10,10,34.0,270,4,2/28,67.5,7.94,51.0,0,0
250,Dimitri Mascarenhas,2,2,8.0,65,4,2/31,16.25,8.12,12.0,0,0
251,Jaydev Unadkat,3,3,10.2,85,4,3/26,21.25,8.22,15.5,0,0
252,Dwayne Bravo,10,10,26.1,228,4,2/11,57.0,8.71,39.25,0,0
253,Ajit Agarkar,7,7,22.0,203,4,2/32,50.75,9.22,33.0,0,0
254,Chris Gayle,9,6,16.0,152,4,1/9,38.0,9.5,24.0,0,0
255,Sarabjit Ladda,5,5,15.0,143,4,2/44,35.75,9.53,22.5,0,0
256,Virender Sehwag,14,3,5.4,23,3,2/18,7.66,4.05,11.33,0,0
257,Ramesh Powar,7,7,23.0,160,3,2/28,53.33,6.95,46.0,0,0
258,JM Kemp,5,5,7.2,54,3,3/12,18.0,7.36,14.66,0,0
259,Ali Murtaza,3,3,12.0,91,3,2/18,30.33,7.58,24.0,0,0
260,Kevin Pietersen,7,6,10.0,77,3,1/10,25.66,7.7,20.0,0,0
261,Rajat Bhatia,5,5,16.0,132,3,1/24,44.0,8.25,32.0,0,0
262,Tillakaratne Dilshan,6,4,8.1,70,3,1/7,23.33,8.57,16.33,0,0
263,Kamran Khan,3,3,6.0,53,3,2/13,17.66,8.83,12.0,0,0
264,Laxmi Ratan Shukla,4,4,12.0,106,3,1/30,35.33,8.83,24.0,0,0
265,Love Ablish,2,2,4.0,36,3,2/17,12.0,9.0,8.0,0,0
266,Munaf Patel,4,4,13.0,118,3,1/20,39.33,9.07,26.0,0,0
267,Bipul Sharma,5,4,10.0,94,3,1/19,31.33,9.4,20.0,0,0
268,Shanthakumaran Sreesanth,6,6,19.0,191,3,2/24,63.66,10.05,38.0,0,0
269,Roelof van der Merwe,1,1,4.0,27,2,2/27,13.5,6.75,12.0,0,0
270,Sanath Jayasuriya,4,4,9.0,68,2,2/17,34.0,7.55,27.0,0,0
271,Rohit Sharma,16,9,19.0,153,2,1/19,76.5,8.05,57.0,0,0
272,Brad Hodge,4,4,5.0,41,2,1/4,20.5,8.2,15.0,0,0
273,Ajantha Mendis,2,2,8.0,66,2,2/22,33.0,8.25,24.0,0,0
274,Daniel Vettori,3,3,11.4,97,2,1/30,48.5,8.31,35.0,0,0
275,Mitchell Marsh,3,3,10.0,88,2,1/19,44.0,8.8,30.0,0,0
276,Pankaj Singh,2,2,8.0,81,2,2/27,40.5,10.12,24.0,0,0
277,Rajagopal Sathish,12,4,8.0,81,2,1/11,40.5,10.12,24.0,0,0
278,Amit Uniyal,2,2,6.0,66,2,2/41,33.0,11.0,18.0,0,0
279,Joginder Sharma,3,3,8.0,89,2,1/23,44.5,11.12,24.0,0,0
280,Nayan Doshi,1,1,4.0,17,1,1/17,17.0,4.25,24.0,0,0
281,JP Duminy,7,2,5.3,37,1,1/15,37.0,6.72,33.0,0,0
282,Iqbal Abdulla,3,3,8.3,61,1,1/28,61.0,7.17,51.0,0,0
283,KP Appanna,2,2,7.0,51,1,1/24,51.0,7.28,42.0,0,0
284,Yo Mahesh,1,1,3.0,23,1,1/23,23.0,7.66,18.0,0,0
285,Vikramjeet Malik,3,3,7.1,62,1,1/23,62.0,8.65,43.0,0,0
286,Moises Henriques,1,1,4.0,35,1,1/35,35.0,8.75,24.0,0,0
287,Dwayne Smith,3,2,3.5,36,1,1/22,36.0,9.39,23.0,0,0
288,Yusuf Abdulla,2,2,6.5,66,1,1/30,66.0,9.65,41.0,0,0
289,Dhawal Kulkarni,1,1,4.0,40,1,1/40,40.0,10.0,24.0,0,0
290,Sudeep Tyagi,6,6,15.5,159,1,1/20,159.0,10.04,95.0,0,0
291,Manoj Tiwary,13,1,1.0,11,1,1/11,11.0,11.0,6.0,0,0
292,Manpreet Gony,3,3,8.0,92,1,1/33,92.0,11.5,48.0,0,0
293,Abhimanyu Mithun,1,1,3.0,39,1,1/39,39.0,13.0,18.0,0,0
294,Shrikant Wagh,1,1,1.0,16,1,1/16,16.0,16.0,6.0,0,0
295,Aaron Finch,1,1,1.1,5,0,0/5,0.0,4.28,0.0,0,0
296,Balachandra Akhil,1,1,1.0,6,0,0/6,0.0,6.0,0.0,0,0
297,Karan Goel,6,1,1.0,7,0,0/7,0.0,7.0,0.0,0,0
298,David Hussey,6,5,10.0,80,0,0/7,0.0,8.0,0.0,0,0
299,Rohan Gavaskar,2,1,1.0,8,0,0/8,0.0,8.0,0.0,0,0
300,Adam Voges,9,7,9.0,76,0,0/5,0.0,8.44,0.0,0,0
301,Stuart Binny,1,1,1.0,9,0,0/9,0.0,9.0,0.0,0,0
302,Virat Kohli,16,4,5.2,50,0,0/1,0.0,9.37,0.0,0,0
303,Morne Morkel,2,2,7.0,66,0,0/32,0.0,9.42,0.0,0,0
304,Kemar Roach,2,2,8.0,80,0,0/32,0.0,10.0,0.0,0,0
305,Faiz Fazal,10,2,2.0,20,0,0/6,0.0,10.0,0.0,0,0
306,Venugopal Rao,6,1,1.0,10,0,0/10,0.0,10.0,0.0,0,0
307,Brett Lee,4,4,14.3,149,0,0/24,0.0,10.27,0.0,0,0
308,Sourav Ganguly,14,3,4.0,43,0,0/12,0.0,10.75,0.0,0,0
309,Abhishek Jhunjhunwala,13,5,6.1,69,0,0/2,0.0,11.18,0.0,0,0
310,Sridharan Sriram,1,1,2.0,24,0,0/24,0.0,12.0,0.0,0,0
311,Tirumalasetti Suman,14,2,2.0,24,0,0/8,0.0,12.0,0.0,0,0
312,Chandrasekar Ganapathy,1,1,1.0,13,0,0/13,0.0,13.0,0.0,0,0
313,Thisara Perera,1,1,1.0,19,0,0/19,0.0,19.0,0.0,0,0
314,Cameron White,7,1,1.0,19,0,0/19,0.0,19.0,0.0,0,0
315,Lasith Malinga,16,16,63.0,375,28,5/13,13.39,5.95,13.5,0,1
316,Munaf Patel,15,15,54.2,358,22,5/21,16.27,6.58,14.81,0,1
317,Sreenath Aravind,13,13,46.0,368,21,4/14,17.52,8.0,13.14,1,0
318,Ravichandran Ashwin,16,16,63.0,388,20,3/16,19.4,6.15,18.9,0,0
319,Amit Mishra,14,14,53.2,358,19,4/9,18.84,6.71,16.84,1,0
320,Doug Bollinger,13,13,47.0,329,17,3/21,19.35,7.0,16.58,0,0
321,Rahul Sharma,14,14,50.0,273,16,3/13,17.06,5.46,18.75,0,0
322,Iqbal Abdulla,15,15,50.0,305,16,3/24,19.06,6.1,18.75,0,0
323,Ryan Harris,13,13,47.0,382,16,3/28,23.87,8.12,17.62,0,0
324,Piyush Chawla,12,12,41.2,336,16,4/17,21.0,8.12,15.5,1,0
325,Albie Morkel,15,14,45.0,382,15,3/29,25.46,8.48,18.0,0,0
326,Dale Steyn,12,12,45.3,299,14,3/16,21.35,6.57,19.5,0,0
327,Harbhajan Singh,15,15,53.0,370,14,5/18,26.42,6.98,22.71,0,1
328,Zaheer Khan,15,15,59.0,455,14,3/32,32.5,7.71,25.28,0,0
329,Yusuf Pathan,15,14,39.0,238,13,3/20,18.3,6.1,18.0,0,0
330,Shane Warne,13,12,47.0,297,13,3/16,22.84,6.31,21.69,0,0
331,RP Singh,14,14,50.0,345,13,4/25,26.53,6.9,23.07,1,0
332,Morne Morkel,11,11,43.0,325,13,3/18,25.0,7.55,19.84,0,0
333,Daniel Vettori,13,13,51.4,311,12,3/19,25.91,6.01,25.83,0,0
334,Vinay Kumar,13,13,44.4,335,12,3/25,27.91,7.5,22.33,0,0
335,Shakib Al Hasan,7,7,25.3,175,11,3/28,15.9,6.86,13.9,0,0
336,Ishant Sharma,12,12,44.0,314,11,5/12,28.54,7.13,24.0,0,1
337,Irfan Pathan,14,13,45.5,344,11,3/28,31.27,7.5,25.0,0,0
338,Dan Christian,14,14,45.4,350,11,2/13,31.81,7.66,24.9,0,0
339,Alfonso Thomas,11,11,38.3,297,11,2/23,27.0,7.71,21.0,0,0
340,Pragyan Ojha,10,10,36.5,267,10,3/26,26.7,7.24,22.1,0,0
341,Praveen Kumar,13,13,46.0,345,10,2/19,34.5,7.5,27.6,0,0
342,Shadab Jakati,15,14,44.1,336,10,2/21,33.6,7.6,26.5,0,0
343,Lakshmipathy Balaji,14,14,44.2,371,10,3/15,37.1,8.36,26.6,0,0
344,Kieron Pollard,16,16,42.3,361,10,2/24,36.1,8.49,25.5,0,0
345,Siddharth Trivedi,12,12,35.4,303,10,3/15,30.3,8.49,21.4,0,0
346,Yuvraj Singh,14,13,29.0,192,9,4/29,21.33,6.62,19.33,1,0
347,Wayne Parnell,8,8,29.2,213,9,3/35,23.66,7.26,19.55,0,0
348,Amit Singh,9,9,28.3,215,9,3/35,23.88,7.54,19.0,0,0
349,Bhargav Bhatt,10,8,27.5,229,9,4/22,25.44,8.22,18.55,1,0
350,Rajat Bhatia,14,12,32.0,210,8,3/22,26.25,6.56,24.0,0,0
351,Chris Gayle,12,12,36.0,244,8,3/21,30.5,6.77,27.0,0,0
352,Ravindra Jadeja,14,14,42.0,305,8,2/25,38.12,7.26,31.5,0,0
353,Ajit Agarkar,7,7,27.0,231,8,2/23,28.87,8.55,20.25,0,0
354,Shalabh Srivastava,6,6,20.0,186,8,2/20,23.25,9.3,15.0,0,0
355,Shanthakumaran Sreesanth,9,9,31.5,206,7,2/10,29.42,6.47,27.28,0,0
356,Johan Botha,10,10,36.0,239,7,3/6,34.14,6.63,30.85,0,0
357,Mitchell Marsh,5,5,14.1,99,7,4/25,14.14,6.98,12.14,1,0
358,Brad Hodge,14,4,11.0,77,7,4/13,11.0,7.0,9.42,1,0
359,Jacques Kallis,15,9,24.0,170,7,2/16,24.28,7.08,20.57,0,0
360,Paul Valthaty,14,9,24.1,189,7,4/29,27.0,7.82,20.71,1,0
361,James Hopes,10,9,32.0,272,7,1/25,38.85,8.5,27.42,0,0
362,Shane Watson,11,10,36.0,241,6,3/19,40.16,6.69,36.0,0,0
363,Suraj Randiv,8,8,29.0,223,6,2/24,37.16,7.68,29.0,0,0
364,Dwayne Bravo,6,6,20.0,157,6,2/21,26.16,7.85,20.0,0,0
365,Jaydev Unadkat,7,6,18.0,150,6,2/25,25.0,8.33,18.0,0,0
366,Shaun Tait,4,4,14.5,127,6,3/22,21.16,8.56,14.83,0,0
367,Roelof van der Merwe,4,4,14.5,92,5,3/20,18.4,6.2,17.8,0,0
368,Dhawal Kulkarni,6,6,20.0,149,5,3/26,29.8,7.45,24.0,0,0
369,Brett Lee,12,12,45.2,338,5,1/12,67.6,7.45,54.4,0,0
370,Charl Langeveldt,3,3,11.0,84,5,2/10,16.8,7.63,13.2,0,0
371,Raiphi Gomez,11,8,15.0,124,5,2/14,24.8,8.26,18.0,0,0
372,Syed Mohammad,5,5,15.0,127,5,2/25,25.4,8.46,18.0,0,0
373,Ashok Dinda,6,5,17.0,152,5,2/42,30.4,8.94,20.4,0,0
374,Abhimanyu Mithun,12,12,34.0,321,5,2/37,64.2,9.44,40.8,0,0
375,Ryan McLaren,6,6,18.0,178,5,2/33,35.6,9.88,21.6,0,0
376,Bipul Sharma,4,4,12.0,78,4,2/32,19.5,6.5,18.0,0,0
377,Suresh Raina,16,12,27.3,201,4,2/0,50.25,7.3,41.25,0,0
378,Shahbaz Nadeem,5,5,19.0,142,4,2/39,35.5,7.47,28.5,0,0
379,Shrikant Wagh,7,7,16.0,121,4,3/16,30.25,7.56,24.0,0,0
380,Jesse Ryder,13,7,15.2,118,4,1/8,29.5,7.69,23.0,0,0
381,JP Duminy,10,8,18.0,143,4,1/3,35.75,7.94,27.0,0,0
382,Tim Southee,5,5,19.0,166,4,1/30,41.5,8.73,28.5,0,0
383,P Parameswaran,5,5,15.4,137,4,2/20,34.25,8.74,23.5,0,0
384,Manpreet Gony,3,3,9.0,85,4,3/31,21.25,9.44,13.5,0,0
385,Ali Murtaza,5,5,20.0,117,3,2/18,39.0,5.85,40.0,0,0
386,Bhuvneshwar Kumar,4,4,11.0,67,3,2/14,22.33,6.09,22.0,0,0
387,Harmeet Singh Bansal,2,2,7.0,53,3,2/27,17.66,7.57,14.0,0,0
388,Aavishkar Salvi,2,2,8.0,66,3,2/40,22.0,8.25,16.0,0,0
389,James Franklin,8,6,10.1,99,3,2/35,33.0,9.73,20.33,0,0
390,Anand Rajan,2,2,5.0,50,3,3/27,16.66,10.0,10.0,0,0
391,Johan van der Wath,3,3,12.0,129,3,2/49,43.0,10.75,24.0,0,0
392,Ryan Ninan,2,2,6.0,65,3,2/31,21.66,10.83,12.0,0,0
393,Varun Aaron,4,3,12.0,82,2,1/20,41.0,6.83,36.0,0,0
394,Muttiah Muralitharan,5,5,19.0,141,2,1/18,70.5,7.42,57.0,0,0
395,Dirk Nannes,2,2,4.0,31,2,1/0,15.5,7.75,12.0,0,0
396,Thisara Perera,4,4,14.0,111,2,1/30,55.5,7.92,42.0,0,0
397,Ashok Menaria,13,9,15.0,121,2,2/20,60.5,8.06,45.0,0,0
398,Virat Kohli,16,10,17.0,139,2,1/8,69.5,8.17,51.0,0,0
399,Ramesh Powar,5,5,12.0,112,2,1/20,56.0,9.33,36.0,0,0
400,Abhishek Nayar,10,6,10.1,95,2,1/22,47.5,9.34,30.5,0,0
401,Umesh Yadav,7,6,18.0,169,2,2/29,84.5,9.38,54.0,0,0
402,James Faulkner,1,1,2.0,9,1,1/9,9.0,4.5,12.0,0,0
403,Shikhar Dhawan,14,2,2.0,11,1,1/7,11.0,5.5,12.0,0,0
404,SS Mundhe,1,1,1.0,6,1,1/6,6.0,6.0,6.0,0,0
405,Murali Kartik,6,6,20.5,166,1,1/27,166.0,7.96,125.0,0,0
406,Nuwan Kulasekara,1,1,3.0,26,1,1/26,26.0,8.66,18.0,0,0
407,Tillakaratne Dilshan,10,6,12.0,108,1,1/30,108.0,9.0,72.0,0,0
408,Andrew Symonds,11,3,4.0,41,1,1/11,41.0,10.25,24.0,0,0
409,Nayan Doshi,3,3,5.2,62,1,1/15,62.0,11.62,32.0,0,0
410,David Hussey,8,2,3.0,38,1,1/19,38.0,12.66,18.0,0,0
411,Yogesh Nagar,11,5,5.0,67,1,1/3,67.0,13.4,30.0,0,0
412,Jacob Oram,2,1,2.0,32,1,1/32,32.0,16.0,12.0,0,0
413,Sachin Rana,2,1,0.4,2,0,0/2,0.0,3.0,0.0,0,0
414,Ankeet Chavan,2,2,5.0,27,0,0/10,0.0,5.4,0.0,0,0
415,Mithun Manhas,10,3,7.0,42,0,0/9,0.0,6.0,0.0,0,0
416,Nathan Rimmington,1,1,3.0,19,0,0/19,0.0,6.33,0.0,0,0
417,Aaron Finch,6,1,2.0,13,0,0/13,0.0,6.5,0.0,0,0
418,Vikramjeet Malik,1,1,2.0,13,0,0/13,0.0,6.5,0.0,0,0
419,Nathan McCullum,2,2,5.0,34,0,0/12,0.0,6.8,0.0,0,0
420,Abhishek Raut,7,2,3.0,21,0,0/8,0.0,7.0,0.0,0,0
421,Ryan ten Doeschate,6,1,1.0,7,0,0/7,0.0,7.0,0.0,0,0
422,Y Gnaneswara Rao,2,1,1.0,7,0,0/7,0.0,7.0,0.0,0,0
423,Ambati Rayudu,16,1,3.0,22,0,0/22,0.0,7.33,0.0,0,0
424,Rajagopal Sathish,9,4,5.1,41,0,0/5,0.0,7.93,0.0,0,0
425,Tirumalasetti Suman,8,3,6.0,50,0,0/12,0.0,8.33,0.0,0,0
426,Asad Pathan,6,2,5.3,49,0,0/19,0.0,8.9,0.0,0,0
427,Dwaraka Ravi Teja,12,1,1.0,9,0,0/9,0.0,9.0,0.0,0,0
428,Abrar Kazi,1,1,2.0,21,0,0/21,0.0,10.5,0.0,0,0
429,Sarabjit Ladda,2,2,4.0,42,0,0/13,0.0,10.5,0.0,0,0
430,Stuart Binny,6,3,4.0,44,0,0/12,0.0,11.0,0.0,0,0
431,Ross Taylor,12,1,1.0,11,0,0/11,0.0,11.0,0.0,0,0
432,Abhishek Jhunjhunwala,3,2,2.0,22,0,0/11,0.0,11.0,0.0,0,0
433,Balachandra Akhil,1,1,2.0,22,0,0/22,0.0,11.0,0.0,0,0
434,Joginder Sharma,1,1,3.0,34,0,0/34,0.0,11.33,0.0,0,0
435,Pankaj Singh,4,1,2.0,23,0,0/23,0.0,11.5,0.0,0,0
436,Manoj Tiwary,15,2,2.0,23,0,0/9,0.0,11.5,0.0,0,0
437,Andrew McDonald,1,1,2.0,23,0,0/23,0.0,11.5,0.0,0,0
438,Scott Styris,2,1,1.0,13,0,0/13,0.0,13.0,0.0,0,0
439,Venugopal Rao,14,2,2.0,26,0,0/12,0.0,13.0,0.0,0,0
440,Love Ablish,1,1,3.0,39,0,0/39,0.0,13.0,0.0,0,0
441,Rohit Sharma,16,3,4.0,53,0,0/14,0.0,13.25,0.0,0,0
442,Kamran Khan,1,1,3.0,47,0,0/47,0.0,15.66,0.0,0,0
443,Padmanabhan Prasanth,1,1,1.0,18,0,0/18,0.0,18.0,0.0,0,0
444,Bharat Chipli,14,1,1.0,20,0,0/20,0.0,20.0,0.0,0,0
445,Ishan Malhotra,1,1,1.0,23,0,0/23,0.0,23.0,0.0,0,0
446,Sridharan Sriram,1,1,1.0,25,0,0/25,0.0,25.0,0.0,0,0
447,Morne Morkel,16,16,63.0,453,25,4/20,18.12,7.19,15.12,1,0
448,Sunil Narine,15,15,59.1,324,24,5/19,13.5,5.47,14.79,1,1
449,Lasith Malinga,14,14,55.3,350,22,4/16,15.9,6.3,15.13,1,0
450,Umesh Yadav,17,17,61.0,453,19,3/19,23.84,7.42,19.26,0,0
451,Vinay Kumar,15,14,55.5,480,19,3/22,25.26,8.59,17.63,0,0
452,Dale Steyn,12,12,46.4,285,18,3/8,15.83,6.1,15.55,0,0
453,Zaheer Khan,16,15,60.0,453,17,3/38,26.64,7.55,21.17,0,0
454,Parvinder Awana,12,12,47.0,372,17,4/34,21.88,7.91,16.58,1,0
455,Piyush Chawla,16,16,57.0,419,16,3/18,26.18,7.35,21.37,0,0
456,Kieron Pollard,14,14,43.5,350,16,4/44,21.87,7.98,16.43,1,0
457,Muttiah Muralitharan,10,10,40.0,260,15,3/21,17.33,6.5,16.0,0,0
458,Jacques Kallis,17,16,54.0,403,15,2/7,26.86,7.46,21.6,0,0
459,Munaf Patel,12,12,46.4,367,15,4/20,24.46,7.86,18.66,2,0
460,Dwayne Bravo,19,18,57.4,461,15,2/10,30.73,7.99,23.06,0,0
461,Ravichandran Ashwin,19,18,65.5,432,14,3/24,30.85,6.56,28.21,0,0
462,Ben Hilfenhaus,9,9,34.0,233,14,3/27,16.64,6.85,14.57,0,0
463,Azhar Mahmood,11,11,42.4,329,14,3/20,23.5,7.71,18.28,0,0
464,Siddharth Trivedi,14,14,52.0,380,13,4/25,29.23,7.3,24.0,1,0
465,Rajat Bhatia,17,16,53.1,389,13,2/14,29.92,7.31,24.53,0,0
466,Albie Morkel,16,15,49.3,385,13,3/29,29.61,7.77,22.84,0,0
467,Amit Mishra,14,14,47.0,377,13,3/32,29.0,8.02,21.69,0,0
468,Shakib Al Hasan,8,8,30.0,195,12,3/17,16.25,6.5,15.0,0,0
469,Ravindra Jadeja,19,14,35.0,273,12,5/16,22.75,7.8,17.5,0,1
470,Lakshmipathy Balaji,8,8,29.5,162,11,4/18,14.72,5.43,16.27,1,0
471,Ashish Nehra,13,13,48.0,402,11,3/23,36.54,8.37,26.18,0,0
472,Brad Hogg,9,9,36.0,253,10,2/31,25.3,7.02,21.6,0,0
473,Kevon Cooper,6,6,24.0,174,10,4/26,17.4,7.25,14.4,1,0
474,RP Singh,11,11,41.0,318,10,3/28,31.8,7.75,24.6,0,0
475,Ashish Reddy,9,8,24.1,205,10,3/25,20.5,8.48,14.5,0,0
476,Veer Pratap Singh,9,9,34.0,296,10,2/31,29.6,8.7,20.4,0,0
477,Amit Singh,9,9,32.5,310,10,2/29,31.0,9.44,19.7,0,0
478,Praveen Kumar,16,16,63.0,434,9,2/15,48.22,6.88,42.0,0,0
479,Ashok Dinda,7,7,24.0,169,9,4/18,18.77,7.04,16.0,1,0
480,Johan Botha,11,11,41.0,297,9,2/21,33.0,7.24,27.33,0,0
481,Pragyan Ojha,9,9,30.0,220,9,2/17,24.44,7.33,20.0,0,0
482,Rahul Sharma,11,11,37.0,300,9,2/16,33.33,8.1,24.66,0,0
483,Shadab Jakati,15,15,41.0,335,9,2/14,37.22,8.17,27.33,0,0
484,Harshal Patel,12,11,41.0,340,9,2/24,37.77,8.29,27.33,0,0
485,Shahbaz Nadeem,12,12,45.0,318,8,3/16,39.75,7.06,33.75,0,0
486,Bhuvneshwar Kumar,11,11,39.0,281,8,2/9,35.12,7.2,29.25,0,0
487,Ryan Harris,5,5,18.0,130,8,4/34,16.25,7.22,13.5,1,0
488,Marlon Samuels,8,8,28.4,216,8,3/39,27.0,7.53,21.5,0,0
489,Irfan Pathan,17,17,60.0,465,8,2/46,58.12,7.75,45.0,0,0
490,Dan Christian,7,7,27.0,233,8,2/26,29.12,8.62,20.25,0,0
491,Doug Bollinger,6,6,18.0,157,8,3/24,19.62,8.72,13.5,0,0
492,Varun Aaron,8,8,31.0,271,8,2/19,33.87,8.74,23.25,0,0
493,Dimitri Mascarenhas,4,4,16.0,105,7,5/25,15.0,6.56,13.71,0,1
494,Pawan Negi,8,6,22.0,152,7,4/18,21.71,6.9,18.85,1,0
495,Angelo Mathews,9,9,26.0,192,7,2/17,27.42,7.38,22.28,0,0
496,Brett Lee,10,10,38.0,299,7,2/26,42.71,7.86,32.57,0,0
497,Pankaj Singh,6,6,21.0,170,7,2/18,24.28,8.09,18.0,0,0
498,Ankeet Chavan,8,8,27.2,236,7,2/23,33.71,8.63,23.42,0,0
499,Shaun Tait,6,6,22.5,151,6,3/13,25.16,6.61,22.83,0,0
500,Shane Watson,7,7,23.0,161,6,2/19,26.83,7.0,23.0,0,0
501,Harbhajan Singh,17,16,54.0,384,6,2/13,64.0,7.11,54.0,0,0
502,Dhawal Kulkarni,2,2,8.0,64,6,3/18,10.66,8.0,8.0,0,0
503,James Franklin,12,9,15.0,121,6,2/18,20.16,8.06,15.0,0,0
504,Harmeet Singh Bansal,7,6,19.2,168,6,3/24,28.0,8.68,19.33,0,0
505,KP Appanna,7,6,17.0,148,6,4/19,24.66,8.7,17.0,1,0
506,Wayne Parnell,6,6,21.0,128,5,2/18,25.6,6.09,25.2,0,0
507,Andrew McDonald,4,3,10.0,61,5,2/25,12.2,6.1,12.0,0,0
508,Ajit Chandila,4,4,14.0,86,5,4/13,17.2,6.14,16.8,1,0
509,Daniel Vettori,9,9,35.0,236,5,1/20,47.2,6.74,42.0,0,0
510,Iqbal Abdulla,9,8,22.0,144,4,1/20,36.0,6.54,33.0,0,0
511,Nuwan Kulasekara,5,4,14.0,94,4,2/10,23.5,6.71,21.0,0,0
512,Ankit Sharma,9,9,24.1,165,4,1/9,41.25,6.82,36.25,0,0
513,Murali Kartik,11,11,36.0,266,4,2/14,66.5,7.38,54.0,0,0
514,David Hussey,16,6,9.0,63,3,2/2,21.0,7.0,18.0,0,0
515,Alfonso Thomas,4,4,14.0,109,3,3/22,36.33,7.78,28.0,0,0
516,Stuart Binny,8,6,10.0,78,3,1/8,26.0,7.8,20.0,0,0
517,Doug Bracewell,1,1,4.0,32,3,3/32,10.66,8.0,8.0,0,0
518,Yusuf Pathan,17,12,22.0,182,3,2/12,60.66,8.27,44.0,0,0
519,Manpreet Gony,6,6,24.0,207,3,1/26,69.0,8.62,48.0,0,0
520,Yo Mahesh,5,4,9.2,81,3,2/21,27.0,8.67,18.66,0,0
521,Robin Peterson,5,4,8.0,70,3,3/37,23.33,8.75,16.0,0,0
522,James Faulkner,2,2,8.0,72,3,2/41,24.0,9.0,16.0,0,0
523,Shikhar Dhawan,15,4,6.0,55,3,1/8,18.33,9.16,12.0,0,0
524,Anand Rajan,4,4,11.5,109,3,1/11,36.33,9.21,23.66,0,0
525,Ajit Agarkar,4,4,14.2,134,3,2/27,44.66,9.34,28.66,0,0
526,Marchant de Lange,3,3,10.0,107,3,3/34,35.66,10.7,20.0,0,0
527,Roelof van der Merwe,3,3,10.0,60,2,2/28,30.0,6.0,30.0,0,0
528,Michael Clarke,6,5,11.0,67,2,1/12,33.5,6.09,33.0,0,0
529,Dwayne Smith,7,6,13.0,95,2,1/8,47.5,7.3,39.0,0,0
530,Suresh Raina,19,7,14.0,105,2,1/5,52.5,7.5,42.0,0,0
531,Bhargav Bhatt,5,5,16.3,136,2,2/24,68.0,8.24,49.5,0,0
532,Juan Theron,2,2,8.0,66,2,2/37,33.0,8.25,24.0,0,0
533,Sourav Ganguly,15,4,10.0,95,2,2/27,47.5,9.5,30.0,0,0
534,Laxmi Ratan Shukla,11,2,2.0,12,1,1/5,12.0,6.0,12.0,0,0
535,Abhishek Jhunjhunwala,5,3,6.0,38,1,1/13,38.0,6.33,36.0,0,0
536,Ashok Menaria,15,3,3.2,23,1,1/3,23.0,6.9,20.0,0,0
537,Glenn Maxwell,2,2,3.0,22,1,1/10,22.0,7.33,18.0,0,0
538,Mandeep Singh,16,1,3.0,23,1,1/23,23.0,7.66,18.0,0,0
539,Ryan ten Doeschate,3,1,3.0,24,1,1/24,24.0,8.0,18.0,0,0
540,Clint McKay,2,2,7.0,60,1,1/36,60.0,8.57,42.0,0,0
541,JP Duminy,9,6,12.0,104,1,1/8,104.0,8.66,72.0,0,0
542,Jesse Ryder,11,4,7.0,70,1,1/25,70.0,10.0,42.0,0,0
543,Andre Russell,4,4,16.0,161,1,1/51,161.0,10.06,96.0,0,0
544,Brad Hodge,12,2,2.0,21,1,1/13,21.0,10.5,12.0,0,0
545,Pradeep Sangwan,1,1,4.0,42,1,1/42,42.0,10.5,24.0,0,0
546,Akshath Reddy,5,1,3.0,32,1,1/32,32.0,10.66,18.0,0,0
547,TP Sudhindra,3,3,11.4,136,1,1/46,136.0,11.65,70.0,0,0
548,Ali Murtaza,1,1,2.0,11,0,0/11,0.0,5.5,0.0,0,0
549,Krishnakant Upadhyay,1,1,4.0,33,0,0/33,0.0,8.25,0.0,0,0
550,Abu Nechim,1,1,2.0,17,0,0/17,0.0,8.5,0.0,0,0
551,Daniel Harris,4,2,3.0,26,0,0/11,0.0,8.66,0.0,0,0
552,Kevin Pietersen,8,3,6.0,53,0,0/16,0.0,8.83,0.0,0,0
553,Cameron White,13,2,3.0,27,0,0/8,0.0,9.0,0.0,0,0
554,Syed Mohammad,2,2,7.0,65,0,0/27,0.0,9.28,0.0,0,0
555,Yogesh Nagar,13,1,1.0,10,0,0/10,0.0,10.0,0.0,0,0
556,Bipul Sharma,5,3,7.4,79,0,0/11,0.0,10.3,0.0,0,0
557,Rahul Shukla,1,1,3.0,31,0,0/31,0.0,10.33,0.0,0,0
558,Jaydev Unadkat,1,1,3.0,32,0,0/32,0.0,10.66,0.0,0,0
559,Ramesh Powar,1,1,3.0,32,0,0/32,0.0,10.66,0.0,0,0
560,Thisara Perera,2,2,2.3,27,0,0/8,0.0,10.8,0.0,0,0
561,Abhimanyu Mithun,1,1,3.0,33,0,0/33,0.0,11.0,0.0,0,0
562,Tillakaratne Dilshan,10,5,7.0,77,0,0/6,0.0,11.0,0.0,0,0
563,Virender Sehwag,16,3,4.0,45,0,0/9,0.0,11.25,0.0,0,0
564,Luke Wright,1,1,2.0,24,0,0/24,0.0,12.0,0.0,0,0
565,Venugopal Rao,10,2,2.0,26,0,0/13,0.0,13.0,0.0,0,0
566,Asad Pathan,2,1,1.0,14,0,0/14,0.0,14.0,0.0,0,0
567,Chris Gayle,15,3,4.4,66,0,0/6,0.0,14.14,0.0,0,0
568,Steve Smith,15,1,0.2,5,0,0/5,0.0,15.0,0.0,0,0
569,Sunny Gupta,1,1,3.0,47,0,0/47,0.0,15.66,0.0,0,0
570,Paul Valthaty,6,1,1.0,16,0,0/16,0.0,16.0,0.0,0,0
571,Faf du Plessis,13,1,1.0,16,0,0/16,0.0,16.0,0.0,0,0
572,Sreenath Aravind,1,1,3.0,48,0,0/48,0.0,16.0,0.0,0,0
573,Rohit Sharma,17,1,1.0,16,0,0/16,0.0,16.0,0.0,0,0
574,Abhishek Nayar,4,1,1.0,16,0,0/16,0.0,16.0,0.0,0,0
575,Virat Kohli,16,2,3.0,49,0,0/13,0.0,16.33,0.0,0,0
576,Raju Bhatkal,1,1,2.0,35,0,0/35,0.0,17.5,0.0,0,0
577,Dwayne Bravo,18,18,62.3,497,32,4/42,15.53,7.95,11.71,1,0
578,James Faulkner,16,16,63.1,427,28,5/16,15.25,6.75,13.53,0,2
579,Harbhajan Singh,19,19,70.0,456,24,3/14,19.0,6.51,17.5,0,0
580,Mitchell Johnson,17,17,64.0,459,24,3/27,19.12,7.17,16.0,0,0
581,Vinay Kumar,16,16,60.1,493,23,3/18,21.43,8.19,15.69,0,0
582,Sunil Narine,16,16,64.0,350,22,4/13,15.9,5.46,17.45,2,0
583,Amit Mishra,17,17,62.0,394,21,4/19,18.76,6.35,17.71,1,0
584,Mohit Sharma,15,15,50.4,326,20,3/10,16.3,6.43,15.2,0,0
585,Lasith Malinga,17,17,65.2,468,20,3/39,23.4,7.16,19.6,0,0
586,Dale Steyn,17,17,67.5,384,19,3/11,20.21,5.66,21.42,0,0
587,Thisara Perera,16,16,59.4,478,19,3/20,25.15,8.01,18.84,0,0
588,Kevon Cooper,14,14,54.0,449,19,3/15,23.63,8.31,17.05,0,0
589,Pragyan Ojha,16,15,52.2,381,16,3/11,23.81,7.28,19.62,0,0
590,Jacques Kallis,16,15,53.0,394,16,3/13,24.62,7.43,19.87,0,0
591,Umesh Yadav,16,16,57.5,508,16,4/24,31.75,8.78,21.68,1,0
592,Ashok Dinda,13,13,49.0,465,16,3/31,29.06,9.48,18.37,0,0
593,Ravichandran Ashwin,18,18,58.0,390,15,2/18,26.0,6.72,23.2,0,0
594,Azhar Mahmood,11,11,43.5,330,15,3/21,22.0,7.52,17.53,0,0
595,Parvinder Awana,14,14,54.0,412,15,3/39,27.46,7.62,21.6,0,0
596,Ishant Sharma,16,16,59.4,466,15,3/27,31.06,7.81,23.86,0,0
597,Chris Morris,16,16,50.0,401,15,3/40,26.73,8.02,20.0,0,0
598,Bhuvneshwar Kumar,16,16,57.0,371,13,3/18,28.53,6.5,26.3,0,0
599,Ravi Rampaul,10,10,37.4,261,13,3/31,20.07,6.92,17.38,0,0
600,Shane Watson,16,13,41.4,298,13,3/22,22.92,7.15,19.23,0,0
601,Ravindra Jadeja,18,15,43.1,323,13,3/20,24.84,7.48,19.92,0,0
602,Jaydev Unadkat,13,13,49.0,370,13,5/25,28.46,7.55,22.61,0,1
603,RP Singh,11,11,39.5,335,13,3/13,25.76,8.41,18.38,0,0
604,Praveen Kumar,15,15,56.2,373,12,2/10,31.08,6.62,28.16,0,0
605,Siddharth Trivedi,17,17,59.5,410,12,3/23,34.16,6.85,29.91,0,0
606,Lakshmipathy Balaji,13,13,50.0,387,12,3/19,32.25,7.74,25.0,0,0
607,Karn Sharma,13,13,34.5,230,11,2/19,20.9,6.6,19.0,0,0
608,Piyush Chawla,16,16,58.2,418,11,2/20,38.0,7.16,31.81,0,0
609,Rajat Bhatia,15,15,43.5,332,11,2/23,30.18,7.57,23.9,0,0
610,Ashish Nehra,10,10,36.0,316,11,2/35,28.72,8.77,19.63,0,0
611,Irfan Pathan,15,15,51.2,382,10,2/29,38.2,7.44,30.8,0,0
612,Kieron Pollard,18,14,31.0,292,10,2/6,29.2,9.41,18.6,0,0
613,Shahbaz Nadeem,12,12,44.0,259,9,2/17,28.77,5.88,29.33,0,0
614,Sachithra Senanayake,8,8,32.0,209,9,2/26,23.22,6.53,21.33,0,0
615,Rahul Sharma,11,11,41.0,281,9,2/16,31.22,6.85,27.33,0,0
616,Murali Kartik,11,11,39.0,284,9,2/24,31.55,7.28,26.0,0,0
617,Sandeep Sharma,4,4,16.0,119,8,3/21,14.87,7.43,12.0,0,0
618,Darren Sammy,10,9,22.2,168,8,4/22,21.0,7.52,16.75,1,0
619,Dhawal Kulkarni,6,6,18.4,151,8,3/19,18.87,8.08,14.0,0,0
620,Albie Morkel,8,7,24.0,159,7,3/32,22.71,6.62,20.57,0,0
621,Iqbal Abdulla,5,5,18.5,142,7,3/29,20.28,7.53,16.14,0,0
622,Morne Morkel,10,10,40.0,335,7,2/27,47.85,8.37,34.28,0,0
623,Moises Henriques,10,8,21.1,185,7,2/14,26.42,8.74,18.14,0,0
624,Manpreet Gony,8,8,28.0,256,7,2/24,36.57,9.14,24.0,0,0
625,Mitchell Marsh,9,7,19.2,182,7,2/7,26.0,9.41,16.57,0,0
626,Ajit Chandila,8,8,25.0,156,6,2/6,26.0,6.24,25.0,0,0
627,Stuart Binny,17,14,24.0,162,6,2/14,27.0,6.75,24.0,0,0
628,Yuvraj Singh,13,10,22.0,152,6,2/27,25.33,6.9,22.0,0,0
629,Wayne Parnell,4,4,14.5,137,6,3/27,22.83,9.23,14.83,0,0
630,Johan Botha,6,6,16.4,109,5,2/11,21.8,6.54,20.0,0,0
631,Shanthakumaran Sreesanth,7,7,21.4,163,5,2/20,32.6,7.52,26.0,0,0
632,Harmeet Singh Bansal,3,3,11.2,87,5,3/24,17.4,7.67,13.6,0,0
633,Angelo Mathews,11,10,31.0,240,5,3/14,48.0,7.74,37.2,0,0
634,Zaheer Khan,2,2,6.0,47,5,4/17,9.4,7.83,7.2,1,0
635,Brett Lee,3,3,12.0,86,4,2/40,21.5,7.16,18.0,0,0
636,Siddarth Kaul,6,6,21.5,170,4,2/27,42.5,7.78,32.75,0,0
637,Dirk Nannes,5,5,19.5,158,4,2/17,39.5,7.96,29.75,0,0
638,Abu Nechim,2,2,7.0,45,3,2/27,15.0,6.42,14.0,0,0
639,Roelof van der Merwe,3,3,11.0,71,3,1/17,23.66,6.45,22.0,0,0
640,Muttiah Muralitharan,6,6,23.0,177,3,1/18,59.0,7.69,46.0,0,0
641,Syed Mohammad,4,4,10.0,91,3,2/15,30.33,9.1,20.0,0,0
642,Munaf Patel,4,4,15.0,137,3,3/29,45.66,9.13,30.0,0,0
643,Ali Murtaza,3,3,10.0,94,3,3/15,31.33,9.4,20.0,0,0
644,Rahul Shukla,3,3,8.0,79,3,2/28,26.33,9.87,16.0,0,0
645,Chris Gayle,16,4,4.0,40,3,2/5,13.33,10.0,8.0,0,0
646,Jasprit Bumrah,2,2,7.0,70,3,3/32,23.33,10.0,14.0,0,0
647,Ashish Reddy,12,5,6.4,70,3,1/7,23.33,10.5,13.33,0,0
648,Ryan McLaren,2,2,7.0,94,3,2/60,31.33,13.42,14.0,0,0
649,Anand Rajan,2,2,8.0,42,2,1/20,21.0,5.25,24.0,0,0
650,Vikramjeet Malik,3,3,10.0,59,2,2/14,29.5,5.9,30.0,0,0
651,Ajantha Mendis,3,3,12.0,78,2,1/15,39.0,6.5,36.0,0,0
652,Rishi Dhawan,6,5,15.0,109,2,1/6,54.5,7.26,45.0,0,0
653,Abhishek Nayar,11,3,8.0,59,2,1/15,29.5,7.37,24.0,0,0
654,Jason Holder,6,6,20.0,168,2,2/20,84.0,8.4,60.0,0,0
655,Kane Richardson,3,3,11.5,101,2,1/28,50.5,8.53,35.5,0,0
656,Luke Wright,6,5,9.5,100,2,1/12,50.0,10.16,29.5,0,0
657,Dwayne Smith,13,3,5.0,59,2,2/20,29.5,11.8,15.0,0,0
658,Adam Gilchrist,13,1,0.1,0,1,1/0,0.0,0.0,1.0,0,0
659,Bipul Sharma,1,1,4.0,21,1,1/21,21.0,5.25,24.0,0,0
660,Parveez Rasool,2,2,5.0,28,1,1/23,28.0,5.6,30.0,0,0
661,Ryan Harris,3,3,12.0,72,1,1/12,72.0,6.0,72.0,0,0
662,Hanuma Vihari,17,5,6.0,38,1,1/5,38.0,6.33,36.0,0,0
663,Bhargav Bhatt,2,2,5.0,32,1,1/11,32.0,6.4,30.0,0,0
664,Ankeet Chavan,3,3,9.0,63,1,1/28,63.0,7.0,54.0,0,0
665,Pawan Suyal,1,1,3.0,21,1,1/21,21.0,7.0,18.0,0,0
666,Jeevan Mendis,3,2,5.0,36,1,1/16,36.0,7.2,30.0,0,0
667,Nathan Coulter-Nile,1,1,4.0,29,1,1/29,29.0,7.25,24.0,0,0
668,Laxmi Ratan Shukla,4,2,3.0,22,1,1/14,22.0,7.33,18.0,0,0
669,Tirumalasetti Suman,7,1,2.0,15,1,1/15,15.0,7.5,12.0,0,0
670,Cameron White,13,2,2.0,16,1,1/14,16.0,8.0,12.0,0,0
671,Pravin Tambe,3,3,11.0,88,1,1/38,88.0,8.0,66.0,0,0
672,Yusuf Pathan,16,5,9.0,73,1,1/9,73.0,8.11,54.0,0,0
673,Harmeet Singh,1,1,4.0,34,1,1/34,34.0,8.5,24.0,0,0
674,Andrew McDonald,1,1,2.0,17,1,1/17,17.0,8.5,12.0,0,0
675,Marlon Samuels,2,1,4.0,34,1,1/34,34.0,8.5,24.0,0,0
676,Mohammad Shami,3,3,9.0,78,1,1/32,78.0,8.66,54.0,0,0
677,Ankit Rajpoot,2,2,4.0,35,1,1/25,35.0,8.75,24.0,0,0
678,Sarabjit Ladda,1,1,2.0,18,1,1/18,18.0,9.0,12.0,0,0
679,Abhimanyu Mithun,1,1,4.0,37,1,1/37,37.0,9.25,24.0,0,0
680,Shaun Tait,3,3,10.0,98,1,1/29,98.0,9.8,60.0,0,0
681,Ben Laughlin,2,2,7.0,71,1,1/25,71.0,10.14,42.0,0,0
682,Suresh Raina,18,2,2.0,23,1,1/4,23.0,11.5,12.0,0,0
683,Aaron Finch,14,3,4.0,49,1,1/11,49.0,12.25,24.0,0,0
684,Ishwar Pandey,2,2,4.0,50,1,1/17,50.0,12.5,24.0,0,0
685,Brad Hodge,17,1,1.0,3,0,0/3,0.0,3.0,0.0,0,0
686,Rohit Sharma,19,2,1.2,6,0,0/1,0.0,4.5,0.0,0,0
687,Raiphi Gomez,2,1,1.0,5,0,0/5,0.0,5.0,0.0,0,0
688,Jacob Oram,1,1,4.0,22,0,0/22,0.0,5.5,0.0,0,0
689,Dimitri Mascarenhas,1,1,4.0,25,0,0/25,0.0,6.25,0.0,0,0
690,Pawan Negi,1,1,4.0,28,0,0/28,0.0,7.0,0.0,0,0
691,Ryan ten Doeschate,4,3,3.0,24,0,0/3,0.0,8.0,0.0,0,0
692,David Hussey,12,4,11.0,91,0,0/14,0.0,8.27,0.0,0,0
693,Samuel Badree,1,1,4.0,34,0,0/34,0.0,8.5,0.0,0,0
694,Ankit Sharma,1,1,2.0,17,0,0/17,0.0,8.5,0.0,0,0
695,Yuzvendra Chahal,1,1,4.0,34,0,0/34,0.0,8.5,0.0,0,0
696,Sumit Narwal,2,1,2.0,17,0,0/17,0.0,8.5,0.0,0,0
697,Virender Sehwag,13,1,1.0,9,0,0/9,0.0,9.0,0.0,0,0
698,Dan Christian,2,2,6.0,55,0,0/13,0.0,9.16,0.0,0,0
699,Ajit Agarkar,4,4,10.0,92,0,0/4,0.0,9.2,0.0,0,0
700,Brad Hogg,1,1,3.2,31,0,0/31,0.0,9.3,0.0,0,0
701,Krishnakant Upadhyay,2,2,5.0,48,0,0/19,0.0,9.6,0.0,0,0
702,Andre Russell,3,3,7.0,68,0,0/13,0.0,9.71,0.0,0,0
703,Tillakaratne Dilshan,5,1,1.0,10,0,0/10,0.0,10.0,0.0,0,0
704,Glenn Maxwell,3,2,2.0,23,0,0/5,0.0,11.5,0.0,0,0
705,Ben Rohrer,8,1,1.0,12,0,0/12,0.0,12.0,0.0,0,0
706,Pradeep Sangwan,2,2,4.0,51,0,0/17,0.0,12.75,0.0,0,0
707,Rajagopal Sathish,9,3,4.0,51,0,0/10,0.0,12.75,0.0,0,0
708,Michael Neser,1,1,4.0,62,0,0/62,0.0,15.5,0.0,0,0
709,Mohit Sharma,16,16,53.5,452,23,4/14,19.65,8.39,14.04,1,0
710,Sunil Narine,16,16,64.0,407,21,4/20,19.38,6.35,18.28,2,0
711,Bhuvneshwar Kumar,14,14,53.1,354,20,4/14,17.7,6.65,15.95,1,0
712,Ravindra Jadeja,16,16,54.2,443,19,4/12,23.31,8.15,17.15,2,0
713,Sandeep Sharma,11,11,40.1,354,18,3/15,19.66,8.81,13.38,0,0
714,Axar Patel,17,17,66.0,405,17,3/24,23.82,6.13,23.29,0,0
715,Mitchell Johnson,14,14,53.3,444,17,2/19,26.11,8.29,18.88,0,0
716,Lasith Malinga,10,10,39.1,253,16,4/23,15.81,6.45,14.68,1,0
717,Ravichandran Ashwin,16,16,59.5,437,16,3/30,27.31,7.3,22.43,0,0
718,Varun Aaron,10,10,36.4,299,16,3/16,18.68,8.15,13.75,0,0
719,Pravin Tambe,13,13,49.0,356,15,4/20,23.73,7.26,19.6,1,0
720,Karn Sharma,14,14,50.4,376,15,4/38,25.06,7.42,20.26,1,0
721,Harbhajan Singh,14,14,55.0,356,14,2/13,25.42,6.47,23.57,0,0
722,Mitchell Starc,14,14,53.4,402,14,2/21,28.71,7.49,23.0,0,0
723,Piyush Chawla,11,11,39.3,303,14,3/19,21.64,7.67,16.92,0,0
724,Rishi Dhawan,13,13,47.2,365,13,2/14,28.07,7.71,21.84,0,0
725,Yuzvendra Chahal,14,14,55.0,386,12,2/17,32.16,7.01,27.5,0,0
726,Rajat Bhatia,12,12,38.0,283,12,3/23,23.58,7.44,19.0,0,0
727,Morne Morkel,12,12,48.0,367,12,2/20,30.58,7.64,24.0,0,0
728,Lakshmipathy Balaji,9,9,34.0,299,12,4/13,24.91,8.79,17.0,1,0
729,Shakib Al Hasan,13,13,50.0,334,11,2/22,30.36,6.68,27.27,0,0
730,Dale Steyn,14,14,56.0,431,11,2/20,39.18,7.69,30.54,0,0
731,Umesh Yadav,12,12,45.0,367,11,3/13,33.36,8.15,24.54,0,0
732,Karanveer Singh,5,5,20.0,164,11,4/54,14.9,8.2,10.9,1,0
733,James Faulkner,13,13,43.0,419,11,3/11,38.09,9.74,23.45,0,0
734,Kane Richardson,7,7,27.0,206,9,2/18,22.88,7.62,18.0,0,0
735,Imran Tahir,6,6,20.5,171,9,3/22,19.0,8.2,13.88,0,0
736,Jaydev Unadkat,9,9,31.1,270,9,3/32,30.0,8.66,20.77,0,0
737,Shahbaz Nadeem,11,11,38.0,311,8,2/35,38.87,8.18,28.5,0,0
738,Ben Hilfenhaus,8,8,28.0,246,8,2/32,30.75,8.78,21.0,0,0
739,Ashish Nehra,4,4,15.0,142,8,3/33,17.75,9.46,11.25,0,0
740,Shane Watson,13,9,21.0,165,7,3/13,23.57,7.85,18.0,0,0
741,Mohammad Shami,12,12,44.0,369,7,1/22,52.71,8.38,37.71,0,0
742,Vinay Kumar,9,9,32.0,281,7,2/26,40.14,8.78,27.42,0,0
743,Amit Mishra,10,10,37.3,340,7,2/23,48.57,9.06,32.14,0,0
744,Parvinder Awana,7,7,23.3,245,7,2/15,35.0,10.42,20.14,0,0
745,Wayne Parnell,8,8,30.1,223,6,2/21,37.16,7.39,30.16,0,0
746,Ishwar Pandey,13,12,42.0,318,6,2/23,53.0,7.57,42.0,0,0
747,Shreyas Gopal,4,4,14.0,113,6,2/25,18.83,8.07,14.0,0,0
748,Dhawal Kulkarni,8,8,27.0,221,6,2/23,36.83,8.18,27.0,0,0
749,Zaheer Khan,6,6,22.2,146,5,2/21,29.2,6.53,26.8,0,0
750,Jasprit Bumrah,11,11,39.4,301,5,2/22,60.2,7.58,47.6,0,0
751,Yuvraj Singh,14,10,22.4,187,5,4/35,37.4,8.25,27.2,1,0
752,Ashok Dinda,9,9,31.0,270,5,1/14,54.0,8.7,37.2,0,0
753,Ankit Sharma,3,2,8.0,43,4,2/20,10.75,5.37,12.0,0,0
754,Kevon Cooper,5,5,18.0,134,4,2/38,33.5,7.44,27.0,0,0
755,Albie Morkel,7,6,16.0,126,4,1/18,31.5,7.87,24.0,0,0
756,Jacques Kallis,8,8,22.0,186,4,1/15,46.5,8.45,33.0,0,0
757,Irfan Pathan,10,10,23.4,205,4,2/10,51.25,8.66,35.5,0,0
758,Dwayne Smith,16,5,10.0,95,4,1/11,23.75,9.5,15.0,0,0
759,Moises Henriques,4,4,10.0,96,4,2/26,24.0,9.6,15.0,0,0
760,Corey Anderson,12,9,18.0,184,4,2/18,46.0,10.22,27.0,0,0
761,Harshal Patel,3,3,11.0,113,4,2/56,28.25,10.27,16.5,0,0
762,Beuran Hendricks,3,3,12.0,126,4,3/36,31.5,10.5,18.0,0,0
763,Praveen Kumar,3,3,12.0,78,3,2/31,26.0,6.5,24.0,0,0
764,Stuart Binny,13,8,9.0,64,3,1/1,21.33,7.11,18.0,0,0
765,JP Duminy,14,11,33.0,240,3,2/27,80.0,7.27,66.0,0,0
766,Shivam Sharma,4,4,16.0,121,3,2/26,40.33,7.56,32.0,0,0
767,Muttiah Muralitharan,5,5,16.0,124,3,2/25,41.33,7.75,32.0,0,0
768,Abu Nechim,4,4,14.2,113,3,1/18,37.66,7.88,28.66,0,0
769,Ishant Sharma,3,3,11.0,101,3,2/37,33.66,9.18,22.0,0,0
770,Darren Sammy,10,8,14.0,157,3,1/20,52.33,11.21,28.0,0,0
771,Krishmar Santokie,2,2,8.0,90,3,2/50,30.0,11.25,16.0,0,0
772,Rahul Tewatia,3,3,9.0,59,2,1/17,29.5,6.55,27.0,0,0
773,Nathan Coulter-Nile,2,1,4.0,27,2,2/27,13.5,6.75,12.0,0,0
774,Samuel Badree,4,4,14.0,97,2,1/19,48.5,6.92,42.0,0,0
775,Marchant de Lange,1,1,4.0,32,2,2/32,16.0,8.0,12.0,0,0
776,Siddarth Kaul,5,5,13.0,126,2,1/5,63.0,9.69,39.0,0,0
777,Kieron Pollard,15,12,25.0,262,2,1/33,131.0,10.48,75.0,0,0
778,Rahul Shukla,3,3,9.0,98,2,1/13,49.0,10.88,27.0,0,0
779,David Hussey,5,1,2.5,38,2,2/38,19.0,13.41,8.5,0,0
780,Ravi Rampaul,2,2,6.0,37,1,1/21,37.0,6.16,36.0,0,0
781,Ryan ten Doeschate,10,4,5.0,35,1,1/7,35.0,7.0,30.0,0,0
782,Pat Cummins,1,1,4.0,29,1,1/29,29.0,7.25,24.0,0,0
783,Suresh Raina,16,8,18.0,134,1,1/17,134.0,7.44,108.0,0,0
784,Ben Cutting,1,1,4.0,31,1,1/31,31.0,7.75,24.0,0,0
785,Rohit Sharma,15,2,3.0,26,1,1/20,26.0,8.66,18.0,0,0
786,Laxmi Ratan Shukla,6,5,9.2,83,1,1/31,83.0,8.89,56.0,0,0
787,Parveez Rasool,3,3,9.0,83,1,1/26,83.0,9.22,54.0,0,0
788,John Hastings,1,1,3.0,29,1,1/29,29.0,9.66,18.0,0,0
789,Vikramjeet Malik,1,1,3.0,29,1,1/29,29.0,9.66,18.0,0,0
790,Jimmy Neesham,4,4,9.0,91,1,1/29,91.0,10.11,54.0,0,0
791,Andre Russell,2,2,5.0,52,1,1/25,52.0,10.4,30.0,0,0
792,Rahul Sharma,2,2,6.0,65,1,1/33,65.0,10.83,36.0,0,0
793,Lendl Simmons,8,1,3.0,34,1,1/34,34.0,11.33,18.0,0,0
794,Murali Kartik,2,2,8.0,91,1,1/51,91.0,11.37,48.0,0,0
795,Pawan Suyal,1,1,3.0,35,1,1/35,35.0,11.66,18.0,0,0
796,Jason Holder,1,1,3.0,35,1,1/35,35.0,11.66,18.0,0,0
797,Glenn Maxwell,16,7,11.0,132,1,1/21,132.0,12.0,66.0,0,0
798,Tim Southee,3,3,10.0,76,0,0/16,0.0,7.6,0.0,0,0
799,Suryakumar Yadav,16,1,1.0,8,0,0/8,0.0,8.0,0.0,0,0
800,Sachin Rana,9,2,2.0,16,0,0/7,0.0,8.0,0.0,0,0
801,Venugopal Rao,7,2,2.0,16,0,0/7,0.0,8.0,0.0,0,0
802,Iqbal Abdulla,1,1,2.0,17,0,0/17,0.0,8.5,0.0,0,0
803,Yusuf Pathan,15,1,1.0,10,0,0/10,0.0,10.0,0.0,0,0
804,Pawan Negi,2,2,7.0,75,0,0/37,0.0,10.71,0.0,0,0
805,Shadab Jakati,1,1,3.4,41,0,0/41,0.0,11.18,0.0,0,0
806,Murali Vijay,11,1,1.0,13,0,0/13,0.0,13.0,0.0,0,0
807,Manoj Tiwary,8,1,2.0,28,0,0/28,0.0,14.0,0.0,0,0
808,Vijay Shankar,1,1,1.0,19,0,0/19,0.0,19.0,0.0,0,0
809,Dwayne Bravo,17,16,52.2,426,26,3/22,16.38,8.14,12.07,0,0
810,Lasith Malinga,15,15,60.0,444,24,4/23,18.5,7.4,15.0,1,0
811,Yuzvendra Chahal,15,14,46.5,415,23,3/40,18.04,8.86,12.21,0,0
812,Ashish Nehra,16,16,62.0,449,22,4/10,20.4,7.24,16.9,1,0
813,Mitchell Starc,13,12,43.0,291,20,4/15,14.55,6.76,12.9,1,0
814,Harbhajan Singh,15,15,57.0,446,18,3/27,24.77,7.82,19.0,0,0
815,Bhuvneshwar Kumar,14,14,51.4,407,18,3/26,22.61,7.87,17.22,0,0
816,Mitchell McClenaghan,12,12,47.0,386,18,3/16,21.44,8.21,15.66,0,0
817,Harshal Patel,15,14,43.5,328,17,2/12,19.29,7.48,15.47,0,0
818,David Wiese,14,13,42.2,353,16,4/33,22.06,8.33,15.87,1,0
819,Nathan Coulter-Nile,11,11,42.3,321,15,4/20,21.4,7.55,17.0,1,0
820,Imran Tahir,10,10,35.3,314,15,4/28,20.93,8.84,14.2,1,0
821,Anureet Singh,14,14,51.4,465,15,3/23,31.0,9.0,20.66,0,0
822,Andre Russell,13,13,40.4,324,14,3/32,23.14,7.96,17.42,0,0
823,Mohit Sharma,16,16,57.0,481,14,3/25,34.35,8.43,24.42,0,0
824,Sandeep Sharma,14,14,50.0,350,13,4/25,26.92,7.0,23.07,1,0
825,Chris Morris,11,11,42.0,311,13,4/23,23.92,7.4,19.38,1,0
826,Dhawal Kulkarni,11,11,35.0,277,13,2/9,21.3,7.91,16.15,0,0
827,Axar Patel,14,14,46.4,392,13,2/11,30.15,8.4,21.53,0,0
828,Moises Henriques,9,9,25.0,158,11,3/16,14.36,6.32,13.63,0,0
829,Ishwar Pandey,10,10,31.0,223,11,2/27,20.27,7.19,16.9,0,0
830,Piyush Chawla,13,13,35.0,269,11,4/32,24.45,7.68,19.09,1,0
831,Ravindra Jadeja,17,15,42.4,330,11,4/11,30.0,7.73,23.27,1,0
832,Ravichandran Ashwin,14,13,39.0,228,10,2/5,22.8,5.84,23.4,0,0
833,Morne Morkel,7,7,28.0,206,10,2/18,20.6,7.35,16.8,0,0
834,Karn Sharma,14,14,39.5,332,10,2/12,33.2,8.33,23.9,0,0
835,Jagadeesha Suchith,13,12,39.0,337,10,2/14,33.7,8.64,23.4,0,0
836,Umesh Yadav,12,12,42.0,382,10,3/33,38.2,9.09,25.2,0,0
837,Brad Hogg,6,6,21.0,144,9,4/29,16.0,6.85,14.0,1,0
838,Amit Mishra,12,12,40.1,310,9,2/32,34.44,7.71,26.77,0,0
839,Trent Boult,7,7,28.0,236,9,3/19,26.22,8.42,18.66,0,0
840,Mitchell Johnson,9,9,35.5,336,9,2/23,37.33,9.37,23.88,0,0
841,Sreenath Aravind,5,5,18.0,132,8,4/27,16.5,7.33,13.5,1,0
842,JP Duminy,14,9,17.0,126,8,4/17,15.75,7.41,12.75,1,0
843,James Faulkner,13,13,45.0,426,8,3/26,53.25,9.46,33.75,0,0
844,Zaheer Khan,7,7,24.1,156,7,2/9,22.28,6.45,20.71,0,0
845,Sunil Narine,8,8,32.0,234,7,4/19,33.42,7.31,27.42,1,0
846,Pravin Tambe,10,10,34.0,266,7,2/21,38.0,7.82,29.14,0,0
847,Angelo Mathews,11,10,30.0,246,7,2/15,35.14,8.2,25.71,0,0
848,Vinay Kumar,13,13,43.3,368,7,2/26,52.57,8.45,37.28,0,0
849,Praveen Kumar,12,12,36.0,329,7,2/35,47.0,9.13,30.85,0,0
850,Ravi Bopara,9,7,20.0,160,6,2/18,26.66,8.0,20.0,0,0
851,Pawan Negi,10,10,30.0,252,6,2/25,42.0,8.4,30.0,0,0
852,Tim Southee,7,7,28.0,247,6,2/32,41.16,8.82,28.0,0,0
853,Shane Watson,10,10,29.0,269,6,2/36,44.83,9.27,29.0,0,0
854,Beuran Hendricks,4,4,13.0,109,5,2/40,21.8,8.38,15.6,0,0
855,Domnic Joseph,6,6,14.0,101,4,2/18,25.25,7.21,21.0,0,0
856,Stuart Binny,13,10,19.0,140,4,2/27,35.0,7.36,28.5,0,0
857,Iqbal Abdulla,5,5,19.0,150,4,2/36,37.5,7.89,28.5,0,0
858,Shakib Al Hasan,4,4,14.0,123,4,2/22,30.75,8.78,21.0,0,0
859,Bipul Sharma,4,3,7.0,50,3,2/13,16.66,7.14,14.0,0,0
860,Gurkeerat Mann Singh,5,3,9.0,66,3,2/17,22.0,7.33,18.0,0,0
861,Ankit Sharma,4,4,14.0,114,3,1/26,38.0,8.14,28.0,0,0
862,Ashish Reddy,6,4,6.0,50,3,1/11,16.66,8.33,12.0,0,0
863,Dale Steyn,6,6,19.0,170,3,2/38,56.66,8.94,38.0,0,0
864,Albie Morkel,4,4,12.0,109,3,2/21,36.33,9.08,24.0,0,0
865,Kieron Pollard,16,8,12.4,120,3,1/6,40.0,9.47,25.33,0,0
866,Varun Aaron,6,5,17.2,177,3,2/24,59.0,10.21,34.66,0,0
867,Jasprit Bumrah,4,4,15.0,184,3,1/38,61.33,12.26,30.0,0,0
868,Jayant Yadav,3,3,7.0,29,2,1/8,14.5,4.14,21.0,0,0
869,Suresh Raina,17,5,12.0,93,2,1/29,46.5,7.75,36.0,0,0
870,Glenn Maxwell,11,7,10.0,97,2,1/5,48.5,9.7,30.0,0,0
871,Yusuf Pathan,13,5,10.0,97,2,2/40,48.5,9.7,30.0,0,0
872,Parveez Rasool,2,2,5.0,31,1,1/20,31.0,6.2,30.0,0,0
873,Yuvraj Singh,14,6,9.0,72,1,1/14,72.0,8.0,54.0,0,0
874,Johan Botha,4,4,10.0,81,1,1/32,81.0,8.1,60.0,0,0
875,Corey Anderson,4,2,4.0,33,1,1/21,33.0,8.25,24.0,0,0
876,Dwayne Smith,16,1,2.0,17,1,1/17,17.0,8.5,12.0,0,0
877,Deepak Hooda,14,7,15.1,129,1,1/35,129.0,8.5,91.0,0,0
878,Thisara Perera,2,2,6.0,55,1,1/33,55.0,9.16,36.0,0,0
879,Rishi Dhawan,5,5,12.0,110,1,1/12,110.0,9.16,72.0,0,0
880,Pat Cummins,3,3,10.0,97,1,1/54,97.0,9.7,60.0,0,0
881,Juan Theron,1,1,4.0,40,1,1/40,40.0,10.0,24.0,0,0
882,Ronit More,2,2,5.5,59,1,1/31,59.0,10.11,35.0,0,0
883,Gurinder Sandhu,3,2,8.0,82,1,1/33,82.0,10.25,48.0,0,0
884,Rahul Tewatia,1,1,3.0,31,1,1/31,31.0,10.33,18.0,0,0
885,Hardik Pandya,9,8,17.0,176,1,1/13,176.0,10.35,102.0,0,0
886,Shreyas Gopal,1,1,2.1,23,1,1/23,23.0,10.61,13.0,0,0
887,Abu Nechim,3,3,12.0,128,1,1/28,128.0,10.66,72.0,0,0
888,Karanveer Singh,4,4,14.0,157,1,1/30,157.0,11.21,84.0,0,0
889,Ishant Sharma,4,4,14.0,159,1,1/25,159.0,11.35,84.0,0,0
890,Shardul Thakur,1,1,3.0,38,1,1/38,38.0,12.66,18.0,0,0
891,KC Cariappa,1,1,2.0,28,1,1/28,28.0,14.0,12.0,0,0
892,Shivam Sharma,1,1,3.0,44,1,1/44,44.0,14.66,18.0,0,0
893,Ryan ten Doeschate,6,1,1.0,4,0,0/4,0.0,4.0,0.0,0,0
894,Virat Kohli,16,2,1.5,10,0,0/4,0.0,5.45,0.0,0,0
895,Shahbaz Nadeem,4,2,7.0,43,0,0/18,0.0,6.14,0.0,0,0
896,Murali Vijay,11,2,4.0,28,0,0/12,0.0,7.0,0.0,0,0
897,Chris Gayle,14,1,2.0,15,0,0/15,0.0,7.5,0.0,0,0
898,Marchant de Lange,1,1,4.0,30,0,0/30,0.0,7.5,0.0,0,0
899,Darren Sammy,2,2,3.0,25,0,0/7,0.0,8.33,0.0,0,0
900,Rajat Bhatia,2,2,5.0,46,0,0/23,0.0,9.2,0.0,0,0
901,Pawan Suyal,3,3,10.0,95,0,0/22,0.0,9.5,0.0,0,0
902,Jaydev Unadkat,1,1,3.0,30,0,0/30,0.0,10.0,0.0,0,0
903,Sean Abbott,2,2,5.0,57,0,0/21,0.0,11.4,0.0,0,0
904,Pragyan Ojha,1,1,2.0,23,0,0/23,0.0,11.5,0.0,0,0
905,Barinder Sran,1,1,3.0,35,0,0/35,0.0,11.66,0.0,0,0
906,Ashok Dinda,2,2,5.0,62,0,0/23,0.0,12.4,0.0,0,0
907,Azhar Mahmood,1,1,3.0,41,0,0/41,0.0,13.66,0.0,0,0
908,Bhuvneshwar Kumar,17,17,66.0,490,23,4/29,21.3,7.42,17.21,1,0
909,Yuzvendra Chahal,13,13,49.1,401,21,4/25,19.09,8.15,14.04,1,0
910,Shane Watson,16,16,56.3,485,20,4/29,24.25,8.58,16.95,1,0
911,Dhawal Kulkarni,14,14,49.0,364,18,4/14,20.22,7.42,16.33,1,0
912,Mustafizur Rahman,16,16,61.0,421,17,3/16,24.76,6.9,21.52,0,0
913,Mitchell McClenaghan,14,14,53.2,436,17,4/21,25.64,8.17,18.82,1,0
914,Dwayne Bravo,15,15,56.0,494,17,4/22,29.05,8.82,19.76,1,0
915,Sandeep Sharma,14,14,50.0,366,15,2/11,24.4,7.32,20.0,0,0
916,Jasprit Bumrah,14,14,52.0,406,15,3/13,27.06,7.8,20.8,0,0
917,Andre Russell,12,12,36.3,291,15,4/20,19.4,7.97,14.6,1,0
918,Barinder Sran,14,14,49.3,413,14,3/28,29.5,8.34,21.21,0,0
919,Chris Morris,12,12,44.0,308,13,2/30,23.69,7.0,20.3,0,0
920,Amit Mishra,14,14,46.0,344,13,4/11,26.46,7.47,21.23,1,0
921,Axar Patel,14,14,47.5,388,13,4/21,29.84,8.11,22.07,1,0
922,Mohit Sharma,14,14,48.3,407,13,3/23,31.3,8.39,22.38,0,0
923,Adam Zampa,5,5,17.0,115,12,6/19,9.58,6.76,8.5,0,1
924,Moises Henriques,17,17,52.0,415,12,2/17,34.58,7.98,26.0,0,0
925,Sunil Narine,11,11,42.5,304,11,3/26,27.63,7.09,23.36,0,0
926,Sreenath Aravind,9,9,29.1,216,11,2/18,19.63,7.4,15.9,0,0
927,Ashok Dinda,9,9,30.3,231,11,3/20,21.0,7.57,16.63,0,0
928,Piyush Chawla,12,11,35.2,273,11,2/21,24.81,7.72,19.27,0,0
929,Chris Jordan,9,9,28.0,258,11,4/11,23.45,9.21,15.27,1,0
930,Ravichandran Ashwin,14,14,44.0,319,10,4/34,31.9,7.25,26.4,1,0
931,Zaheer Khan,12,12,43.4,337,10,3/21,33.7,7.71,26.2,0,0
932,Morne Morkel,10,10,35.3,297,10,2/27,29.7,8.36,21.3,0,0
933,Umesh Yadav,9,9,26.0,234,10,3/28,23.4,9.0,15.6,0,0
934,Tim Southee,11,11,43.0,329,9,3/24,36.55,7.65,28.66,0,0
935,Ashish Nehra,8,8,26.0,199,9,3/15,22.11,7.65,17.33,0,0
936,Praveen Kumar,16,16,51.3,401,9,2/19,44.55,7.78,34.33,0,0
937,Harbhajan Singh,14,14,49.0,392,9,2/29,43.55,8.0,32.66,0,0
938,Thisara Perera,12,11,33.1,326,9,3/34,36.22,9.82,22.11,0,0
939,Ravindra Jadeja,15,14,40.1,311,8,2/18,38.87,7.74,30.12,0,0
940,Marcus Stoinis,7,7,23.0,194,8,4/15,24.25,8.43,17.25,1,0
941,Dwayne Smith,12,8,18.0,153,8,4/8,19.12,8.5,13.5,1,0
942,Carlos Brathwaite,8,8,23.1,185,7,3/43,26.42,7.98,19.85,0,0
943,Murugan Ashwin,10,10,28.3,241,7,3/36,34.42,8.45,24.42,0,0
944,Kane Richardson,4,4,14.0,136,7,3/13,19.42,9.71,12.0,0,0
945,Rajat Bhatia,10,10,34.0,244,6,2/19,40.66,7.17,34.0,0,0
946,Krunal Pandya,12,11,31.1,236,6,2/15,39.33,7.57,31.16,0,0
947,Kuldeep Yadav,3,3,12.0,100,6,3/35,16.66,8.33,12.0,0,0
948,Shivil Kaushik,7,7,23.0,192,6,3/20,32.0,8.34,23.0,0,0
949,Iqbal Abdulla,8,8,25.0,213,6,3/40,35.5,8.52,25.0,0,0
950,Ben Cutting,4,4,11.1,80,5,2/20,16.0,7.16,13.4,0,0
951,Shakib Al Hasan,10,9,31.0,243,5,1/14,48.6,7.83,37.2,0,0
952,Imran Tahir,4,4,16.0,138,5,3/24,27.6,8.62,19.2,0,0
953,Pravin Tambe,7,7,16.0,143,5,2/12,28.6,8.93,19.2,0,0
954,Mohammad Shami,8,8,25.1,244,5,2/34,48.8,9.69,30.2,0,0
955,Mitchell Marsh,3,3,9.0,45,4,2/14,11.25,5.0,13.5,0,0
956,Brad Hogg,5,5,16.0,142,4,3/19,35.5,8.87,24.0,0,0
957,Vinay Kumar,3,3,9.0,64,3,2/17,21.33,7.11,18.0,0,0
958,Deepak Hooda,17,6,13.0,97,3,2/16,32.33,7.46,26.0,0,0
959,Nathan Coulter-Nile,4,4,15.0,114,3,2/25,38.0,7.6,30.0,0,0
960,Pradeep Sahu,5,5,17.3,146,3,2/18,48.66,8.34,35.0,0,0
961,Bipul Sharma,7,6,14.0,121,3,1/10,40.33,8.64,28.0,0,0
962,Ankit Rajpoot,4,4,11.0,98,3,1/14,32.66,8.9,22.0,0,0
963,Hardik Pandya,11,10,16.4,153,3,1/7,51.0,9.18,33.33,0,0
964,Tabraiz Shamsi,4,4,16.0,147,3,1/21,49.0,9.18,32.0,0,0
965,RP Singh,4,4,12.0,111,3,1/23,37.0,9.25,24.0,0,0
966,KC Cariappa,5,5,17.0,159,3,2/16,53.0,9.35,34.0,0,0
967,Ishant Sharma,4,4,15.0,148,3,2/36,49.33,9.86,30.0,0,0
968,Sachin Baby,11,2,1.4,8,2,2/4,4.0,4.8,5.0,0,0
969,John Hastings,2,2,6.4,37,2,2/6,18.5,5.55,20.0,0,0
970,Chris Gayle,10,4,10.0,63,2,2/11,31.5,6.3,30.0,0,0
971,Jayant Yadav,5,5,17.0,125,2,1/23,62.5,7.35,51.0,0,0
972,Scott Boland,2,2,7.0,54,2,2/31,27.0,7.71,21.0,0,0
973,Gurkeerat Mann Singh,7,3,4.0,31,2,2/15,15.5,7.75,12.0,0,0
974,JP Duminy,10,5,7.0,55,2,1/4,27.5,7.85,21.0,0,0
975,Jason Holder,4,4,13.0,103,2,2/33,51.5,7.92,39.0,0,0
976,Rishi Dhawan,2,2,7.0,56,2,1/21,28.0,8.0,21.0,0,0
977,Shahbaz Nadeem,4,4,15.0,127,2,2/23,63.5,8.46,45.0,0,0
978,Shadab Jakati,6,6,20.0,178,2,1/13,89.0,8.9,60.0,0,0
979,Varun Aaron,8,8,23.4,227,2,2/37,113.5,9.59,71.0,0,0
980,Mitchell Johnson,3,3,11.0,106,2,1/35,53.0,9.63,33.0,0,0
981,James Faulkner,7,7,17.0,167,2,1/23,83.5,9.82,51.0,0,0
982,Kyle Abbott,5,5,16.0,177,2,1/38,88.5,11.06,48.0,0,0
983,Albie Morkel,2,2,5.0,66,2,2/36,33.0,13.2,15.0,0,0
984,Yusuf Pathan,15,4,6.0,33,1,1/6,33.0,5.5,36.0,0,0
985,Ankit Sharma,3,3,11.0,84,1,1/27,84.0,7.63,66.0,0,0
986,Stuart Binny,14,11,17.0,134,1,1/17,134.0,7.88,102.0,0,0
987,Parveez Rasool,4,4,14.0,129,1,1/31,129.0,9.21,84.0,0,0
988,Pawan Negi,8,5,9.0,84,1,1/19,84.0,9.33,54.0,0,0
989,Trent Boult,1,1,4.0,39,1,1/39,39.0,9.75,24.0,0,0
990,Rajagopal Sathish,4,3,6.0,59,1,1/20,59.0,9.83,36.0,0,0
991,Ashish Reddy,4,2,3.5,39,1,1/14,39.0,10.17,23.0,0,0
992,Harshal Patel,5,5,14.0,147,1,1/46,147.0,10.5,84.0,0,0
993,Adam Milne,1,1,4.0,43,1,1/43,43.0,10.75,24.0,0,0
994,Nitish Rana,4,1,1.0,3,0,0/3,0.0,3.0,0.0,0,0
995,Shreyas Gopal,1,1,3.0,18,0,0/18,0.0,6.0,0.0,0,0
996,Kane Williamson,6,1,1.0,7,0,0/7,0.0,7.0,0.0,0,0
997,Anureet Singh,2,2,6.0,43,0,0/15,0.0,7.16,0.0,0,0
998,Colin Munro,4,2,2.0,15,0,0/7,0.0,7.5,0.0,0,0
999,Irfan Pathan,4,3,8.0,61,0,0/7,0.0,7.62,0.0,0,0
1000,Murali Vijay,14,1,1.0,8,0,0/8,0.0,8.0,0.0,0,0
1001,Deepak Chahar,2,2,5.0,41,0,0/13,0.0,8.2,0.0,0,0
1002,Suresh Raina,15,4,10.0,82,0,0/15,0.0,8.2,0.0,0,0
1003,Yuvraj Singh,10,5,6.1,52,0,0/7,0.0,8.43,0.0,0,0
1004,Dale Steyn,1,1,2.0,17,0,0/17,0.0,8.5,0.0,0,0
1005,Glenn Maxwell,11,7,9.0,80,0,0/3,0.0,8.88,0.0,0,0
1006,Swapnil Singh,1,1,3.0,29,0,0/29,0.0,9.66,0.0,0,0
1007,Karn Sharma,5,5,16.2,171,0,0/24,0.0,10.46,0.0,0,0
1008,Sarabjit Ladda,1,1,2.0,21,0,0/21,0.0,10.5,0.0,0,0
1009,David Wiese,1,1,4.0,49,0,0/49,0.0,12.25,0.0,0,0
1010,Pradeep Sangwan,2,2,4.0,49,0,0/21,0.0,12.25,0.0,0,0
1011,Virat Kohli,16,1,1.0,13,0,0/13,0.0,13.0,0.0,0,0
1012,Kieron Pollard,13,4,6.0,81,0,0/11,0.0,13.5,0.0,0,0
1013,Jagadeesha Suchith,1,1,2.0,31,0,0/31,0.0,15.5,0.0,0,0
1014,Jaydev Unadkat,1,1,3.0,49,0,0/49,0.0,16.33,0.0,0,0
1015,Bhuvneshwar Kumar,14,14,52.2,369,26,5/19,14.19,7.05,12.07,0,1
1016,Jaydev Unadkat,12,12,45.5,322,24,5/30,13.41,7.02,11.45,0,1
1017,Jasprit Bumrah,16,16,59.2,439,20,3/7,21.95,7.39,17.8,0,0
1018,Mitchell McClenaghan,14,14,54.0,507,19,3/24,26.68,9.38,17.05,0,0
1019,Imran Tahir,12,12,47.0,369,18,3/18,20.5,7.85,15.66,0,0
1020,Rashid Khan,14,14,54.0,358,17,3/19,21.05,6.62,19.05,0,0
1021,Sandeep Sharma,13,13,48.0,398,17,4/20,23.41,8.29,16.94,1,0
1022,Umesh Yadav,14,14,48.3,410,17,4/33,24.11,8.45,17.11,1,0
1023,Chris Woakes,13,13,44.0,386,17,3/6,22.7,8.77,15.52,0,0
1024,Pawan Negi,12,12,32.1,197,16,3/10,12.31,6.12,12.06,0,0
1025,Siddarth Kaul,10,10,35.4,300,16,4/29,18.75,8.41,13.37,1,0
1026,Axar Patel,14,14,48.0,362,15,3/11,24.13,7.54,19.2,0,0
1027,Nathan Coulter-Nile,8,8,28.2,228,15,3/20,15.2,8.04,11.33,0,0
1028,Pat Cummins,12,12,46.1,373,15,2/20,24.86,8.07,18.46,0,0
1029,Yuzvendra Chahal,13,13,43.3,333,14,3/16,23.78,7.65,18.64,0,0
1030,Karn Sharma,9,9,30.4,214,13,4/16,16.46,6.97,14.15,1,0
1031,Mohit Sharma,14,14,45.4,410,13,2/24,31.53,8.97,21.07,0,0
1032,Andrew Tye,6,6,21.0,141,12,5/17,11.75,6.71,10.5,0,1
1033,Ben Stokes,12,12,44.0,316,12,3/18,26.33,7.18,22.0,0,0
1034,Chris Morris,9,9,31.0,240,12,4/26,20.0,7.74,15.5,1,0
1035,Kuldeep Yadav,12,11,41.0,340,12,2/25,28.33,8.29,20.5,0,0
1036,Dan Christian,13,13,40.0,298,11,2/10,27.09,7.45,21.81,0,0
1037,Shardul Thakur,12,12,38.1,315,11,3/19,28.63,8.25,20.81,0,0
1038,Lasith Malinga,12,12,44.5,382,11,2/5,34.72,8.52,24.45,0,0
1039,Basil Thampi,12,12,44.4,424,11,3/29,38.54,9.49,24.36,0,0
1040,Krunal Pandya,13,13,40.0,273,10,3/14,27.3,6.82,24.0,0,0
1041,Sunil Narine,16,15,59.0,412,10,2/29,41.2,6.98,35.4,0,0
1042,Zaheer Khan,11,11,40.1,313,10,3/20,31.3,7.79,24.1,0,0
1043,Amit Mishra,14,14,38.5,343,10,3/11,34.3,8.83,23.3,0,0
1044,Mohammed Siraj,6,6,23.0,212,10,4/32,21.2,9.21,13.8,1,0
1045,Samuel Badree,7,7,25.0,188,9,4/9,20.88,7.52,16.66,1,0
1046,Washington Sundar,11,10,30.0,185,8,3/16,23.12,6.16,22.5,0,0
1047,Harbhajan Singh,11,11,41.0,266,8,3/22,33.25,6.48,30.75,0,0
1048,Ashish Nehra,6,6,21.1,197,8,3/42,24.62,9.3,15.87,0,0
1049,Glenn Maxwell,14,8,19.0,125,7,2/15,17.85,6.57,16.28,0,0
1050,Mitchell Johnson,5,5,20.0,141,7,3/26,20.14,7.05,17.14,0,0
1051,Varun Aaron,6,6,20.0,163,7,2/3,23.28,8.15,17.14,0,0
1052,Adam Zampa,6,6,19.5,163,7,2/22,23.28,8.21,17.0,0,0
1053,Shahbaz Nadeem,7,7,17.5,119,6,2/13,19.83,6.67,17.83,0,0
1054,Hardik Pandya,17,13,26.0,213,6,2/22,35.5,8.19,26.0,0,0
1055,Kagiso Rabada,6,6,21.2,188,6,2/20,31.33,8.81,21.33,0,0
1056,Piyush Chawla,6,6,20.0,179,6,2/34,29.83,8.95,20.0,0,0
1057,Praveen Kumar,6,6,16.3,151,6,2/22,25.16,9.15,16.5,0,0
1058,James Faulkner,8,8,26.2,258,6,2/34,43.0,9.79,26.33,0,0
1059,Aniket Choudhary,5,5,16.5,144,5,2/17,28.8,8.55,20.2,0,0
1060,Tymal Mills,5,5,17.5,153,5,2/31,30.6,8.57,21.4,0,0
1061,Sreenath Aravind,10,10,30.3,275,5,2/29,55.0,9.01,36.6,0,0
1062,Trent Boult,6,6,23.5,216,5,2/30,43.2,9.06,28.6,0,0
1063,Shane Watson,8,8,26.5,245,5,1/16,49.0,9.13,32.2,0,0
1064,Ravindra Jadeja,12,12,38.0,349,5,2/28,69.8,9.18,45.6,0,0
1065,Mohammad Shami,8,8,26.0,243,5,2/36,48.6,9.34,31.2,0,0
1066,Pradeep Sangwan,5,5,18.0,181,5,2/38,36.2,10.05,21.6,0,0
1067,Ankit Rajpoot,5,5,14.0,107,4,3/37,26.75,7.64,21.0,0,0
1068,Stuart Binny,8,4,6.0,50,4,1/9,12.5,8.33,9.0,0,0
1069,Colin de Grandhomme,12,9,16.0,135,4,3/4,33.75,8.43,24.0,0,0
1070,KC Cariappa,4,4,15.0,127,4,2/24,31.75,8.46,22.5,0,0
1071,Rahul Tewatia,3,3,9.0,49,3,2/18,16.33,5.44,18.0,0,0
1072,Lockie Ferguson,4,4,13.0,93,3,2/7,31.0,7.15,26.0,0,0
1073,Bipul Sharma,7,7,16.2,129,3,1/4,43.0,7.89,32.66,0,0
1074,Dhawal Kulkarni,6,6,18.5,173,3,1/24,57.66,9.18,37.66,0,0
1075,Adam Milne,4,4,14.0,134,3,2/27,44.66,9.57,28.0,0,0
1076,Tim Southee,3,3,10.0,96,3,2/39,32.0,9.6,20.0,0,0
1077,Corey Anderson,11,8,18.5,186,3,1/23,62.0,9.87,37.66,0,0
1078,Harshal Patel,1,1,4.0,43,3,3/43,14.33,10.75,8.0,0,0
1079,Mohammad Nabi,3,3,11.0,58,2,1/13,29.0,5.27,33.0,0,0
1080,Rajat Bhatia,3,3,7.0,55,2,2/14,27.5,7.85,21.0,0,0
1081,Ankit Soni,7,6,18.1,144,2,1/16,72.0,7.92,54.5,0,0
1082,Rahul Chahar,3,2,7.0,58,2,1/26,29.0,8.28,21.0,0,0
1083,Billy Stanlake,2,2,8.0,70,2,2/29,35.0,8.75,24.0,0,0
1084,T Natarajan,6,6,12.4,115,2,1/26,57.5,9.07,38.0,0,0
1085,Travis Head,7,5,8.0,81,2,2/30,40.5,10.12,24.0,0,0
1086,Vinay Kumar,1,1,3.0,31,2,2/31,15.5,10.33,9.0,0,0
1087,Marcus Stoinis,5,5,10.3,110,2,1/28,55.0,10.47,31.5,0,0
1088,Deepak Hooda,10,3,4.0,42,2,1/7,21.0,10.5,12.0,0,0
1089,Iqbal Abdulla,2,2,5.0,55,2,2/36,27.5,11.0,15.0,0,0
1090,Dwayne Smith,12,9,13.0,148,2,1/10,74.0,11.38,39.0,0,0
1091,Nathu Singh,2,2,4.0,15,1,1/7,15.0,3.75,24.0,0,0
1092,Avesh Khan,1,1,4.0,23,1,1/23,23.0,5.75,24.0,0,0
1093,Munaf Patel,2,2,7.0,57,1,1/35,57.0,8.14,42.0,0,0
1094,Suresh Raina,14,6,12.0,102,1,1/11,102.0,8.5,72.0,0,0
1095,Swapnil Singh,4,4,7.0,61,1,1/14,61.0,8.71,42.0,0,0
1096,Chris Jordan,1,1,1.0,9,1,1/9,9.0,9.0,6.0,0,0
1097,Ben Cutting,4,4,12.4,123,1,1/41,123.0,9.71,76.0,0,0
1098,Yusuf Pathan,15,4,4.0,41,1,1/2,41.0,10.25,24.0,0,0
1099,Moises Henriques,12,12,24.0,248,1,1/6,248.0,10.33,144.0,0,0
1100,Shubham Agarwal,1,1,4.0,42,1,1/42,42.0,10.5,24.0,0,0
1101,Deepak Chahar,3,3,7.0,74,1,1/35,74.0,10.57,42.0,0,0
1102,Yuvraj Singh,12,2,2.0,22,1,1/6,22.0,11.0,12.0,0,0
1103,Carlos Brathwaite,2,2,6.0,67,1,1/38,67.0,11.16,36.0,0,0
1104,Ashok Dinda,3,3,10.0,119,1,1/26,119.0,11.9,60.0,0,0
1105,Matt Henry,2,2,5.0,71,1,1/31,71.0,14.2,30.0,0,0
1106,Jayant Yadav,2,2,6.0,42,0,0/16,0.0,7.0,0.0,0,0
1107,Tejas Baroka,1,1,3.3,33,0,0/33,0.0,9.42,0.0,0,0
1108,Ishant Sharma,6,6,18.0,179,0,0/12,0.0,9.94,0.0,0,0
1109,Shakib Al Hasan,1,1,3.0,31,0,0/31,0.0,10.33,0.0,0,0
1110,Shadab Jakati,2,2,5.0,52,0,0/22,0.0,10.4,0.0,0,0
1111,Angelo Mathews,3,2,5.0,56,0,0/15,0.0,11.2,0.0,0,0
1112,Marlon Samuels,5,2,3.0,34,0,0/12,0.0,11.33,0.0,0,0
1113,Rahul Tripathi,14,1,1.0,12,0,0/12,0.0,12.0,0.0,0,0
1114,Mustafizur Rahman,1,1,2.4,34,0,0/34,0.0,12.75,0.0,0,0
1115,Anureet Singh,1,1,2.0,26,0,0/26,0.0,13.0,0.0,0,0
1116,Irfan Pathan,1,1,2.0,26,0,0/26,0.0,13.0,0.0,0,0
1117,Barinder Sran,1,1,2.0,29,0,0/29,0.0,14.5,0.0,0,0
1118,Manpreet Gony,1,1,2.0,32,0,0/32,0.0,16.0,0.0,0,0
1119,Ankit Sharma,1,1,1.0,16,0,0/16,0.0,16.0,0.0,0,0
1120,Kieron Pollard,17,1,1.5,30,0,0/30,0.0,16.36,0.0,0,0
1121,Andrew Tye,14,14,56.0,448,24,4/16,18.66,8.0,14.0,3,0
1122,Rashid Khan,17,17,68.0,458,21,3/19,21.8,6.73,19.42,0,0
1123,Siddarth Kaul,17,17,66.0,547,21,3/23,26.04,8.28,18.85,0,0
1124,Umesh Yadav,14,14,53.1,418,20,3/23,20.9,7.86,15.95,0,0
1125,Trent Boult,14,14,52.4,466,18,2/20,25.88,8.84,17.55,0,0
1126,Hardik Pandya,13,13,42.4,381,18,3/24,21.16,8.92,14.22,0,0
1127,Jasprit Bumrah,14,14,54.0,372,17,3/15,21.88,6.88,19.05,0,0
1128,Sunil Narine,16,16,61.0,467,17,3/18,27.47,7.65,21.52,0,0
1129,Kuldeep Yadav,16,16,51.2,418,17,4/20,24.58,8.14,18.11,1,0
1130,Shardul Thakur,13,13,46.4,431,16,2/18,26.93,9.23,17.5,0,0
1131,Mayank Markande,14,14,44.0,368,15,4/23,24.53,8.36,17.6,1,0
1132,Jofra Archer,10,10,38.5,325,15,3/22,21.66,8.36,15.53,0,0
1133,Mujeeb Ur Rahman,11,11,41.2,289,14,3/27,20.64,6.99,17.71,0,0
1134,Shakib Al Hasan,17,17,57.0,456,14,2/18,32.57,8.0,24.42,0,0
1135,Mitchell McClenaghan,11,11,40.0,332,14,2/22,23.71,8.3,17.14,0,0
1136,Piyush Chawla,15,15,49.0,412,14,3/48,29.42,8.4,21.0,0,0
1137,Dwayne Bravo,16,16,53.3,533,14,2/16,38.07,9.96,22.92,0,0
1138,Andre Russell,16,15,37.5,355,13,3/31,27.3,9.38,17.46,0,0
1139,Krunal Pandya,14,13,40.1,284,12,3/28,23.66,7.07,20.08,0,0
1140,Amit Mishra,10,10,37.0,264,12,3/19,22.0,7.13,18.5,0,0
1141,Yuzvendra Chahal,14,14,50.0,363,12,2/22,30.25,7.26,25.0,0,0
1142,Sandeep Sharma,12,12,44.0,333,12,2/17,27.75,7.56,22.0,0,0
1143,Lungi Ngidi,7,7,26.0,156,11,4/10,14.18,6.0,14.18,1,0
1144,Ravindra Jadeja,16,14,41.0,303,11,3/18,27.54,7.39,22.36,0,0
1145,Shreyas Gopal,11,10,31.0,236,11,4/16,21.45,7.61,16.9,1,0
1146,Krishnappa Gowtham,15,15,40.0,312,11,2/12,28.36,7.8,21.81,0,0
1147,Ankit Rajpoot,8,8,26.1,223,11,5/14,20.27,8.52,14.27,0,1
1148,Mohammed Siraj,11,11,41.0,367,11,3/25,33.36,8.95,22.36,0,0
1149,Jaydev Unadkat,15,15,50.2,486,11,3/46,44.18,9.65,27.45,0,0
1150,Deepak Chahar,12,12,38.1,278,10,3/15,27.8,7.28,22.9,0,0
1151,Ravichandran Ashwin,14,14,50.4,410,10,2/18,41.0,8.09,30.4,0,0
1152,Prasidh Krishna,7,7,28.0,260,10,4/30,26.0,9.28,16.8,1,0
1153,Bhuvneshwar Kumar,12,12,46.1,354,9,3/26,39.33,7.66,30.77,0,0
1154,Ben Laughlin,7,7,21.0,211,9,2/15,23.44,10.04,14.0,0,0
1155,Ben Stokes,13,12,37.0,303,8,3/15,37.87,8.18,27.75,0,0
1156,Chris Woakes,5,5,18.2,190,8,3/36,23.75,10.36,13.75,0,0
1157,Mustafizur Rahman,7,7,27.3,230,7,3/24,32.85,8.36,23.57,0,0
1158,Harbhajan Singh,13,12,31.5,270,7,2/22,38.57,8.48,27.28,0,0
1159,Harshal Patel,5,5,17.3,167,7,3/28,23.85,9.54,15.0,0,0
1160,Mohit Sharma,9,9,29.4,322,7,2/33,46.0,10.85,25.42,0,0
1161,Rahul Tewatia,8,8,22.0,173,6,3/18,28.83,7.86,22.0,0,0
1162,Shane Watson,15,11,28.0,251,6,2/29,41.83,8.96,28.0,0,0
1163,Imran Tahir,6,6,20.4,188,6,2/34,31.33,9.09,20.66,0,0
1164,Tom Curran,5,5,10.1,118,6,2/19,19.66,11.6,10.16,0,0
1165,Ish Sodhi,6,6,23.0,135,5,1/14,27.0,5.86,27.6,0,0
1166,Sandeep Lamichhane,3,3,12.0,82,5,3/36,16.4,6.83,14.4,0,0
1167,Billy Stanlake,4,4,16.0,130,5,2/21,26.0,8.12,19.2,0,0
1168,Glenn Maxwell,12,10,16.0,132,5,2/22,26.4,8.25,19.2,0,0
1169,Tim Southee,8,8,29.0,261,5,3/30,52.2,9.0,34.8,0,0
1170,Carlos Brathwaite,4,4,10.1,94,5,2/15,18.8,9.24,12.2,0,0
1171,Shivam Mavi,9,9,28.0,270,5,1/14,54.0,9.64,33.6,0,0
1172,Basil Thampi,4,4,10.1,114,5,2/4,22.8,11.21,12.2,0,0
1173,Nitish Rana,15,5,6.1,44,4,2/11,11.0,7.13,9.25,0,0
1174,Dan Christian,4,4,11.5,101,4,2/35,25.25,8.53,17.75,0,0
1175,Liam Plunkett,7,7,25.0,225,4,3/17,56.25,9.0,37.5,0,0
1176,Karn Sharma,6,5,9.3,89,4,2/13,22.25,9.36,14.25,0,0
1177,Dhawal Kulkarni,8,8,19.5,188,4,2/32,47.0,9.47,29.75,0,0
1178,Washington Sundar,7,7,20.0,192,4,2/22,48.0,9.6,30.0,0,0
1179,Barinder Sran,6,6,22.0,229,4,2/50,57.25,10.4,33.0,0,0
1180,Avesh Khan,6,6,19.0,204,4,2/29,51.0,10.73,28.5,0,0
1181,Moeen Ali,5,5,13.1,97,3,1/13,32.33,7.36,26.33,0,0
1182,Murugan Ashwin,2,2,7.0,53,3,2/36,17.66,7.57,14.0,0,0
1183,Axar Patel,9,8,26.0,218,3,1/21,72.66,8.38,52.0,0,0
1184,Chris Morris,4,4,14.0,143,3,2/41,47.66,10.21,28.0,0,0
1185,Mohammad Shami,4,4,13.5,144,3,1/29,48.0,10.4,27.66,0,0
1186,Shahbaz Nadeem,6,6,15.0,161,3,2/34,53.66,10.73,30.0,0,0
1187,Marcus Stoinis,7,6,11.0,120,3,1/15,40.0,10.9,22.0,0,0
1188,KM Asif,2,2,6.0,75,3,2/43,25.0,12.5,12.0,0,0
1189,Corey Anderson,3,3,8.4,115,3,2/47,38.33,13.26,17.33,0,0
1190,Colin de Grandhomme,9,7,15.0,129,2,1/8,64.5,8.6,45.0,0,0
1191,David Willey,3,3,10.0,95,2,1/24,47.5,9.5,30.0,0,0
1192,Kulwant Khejroliya,3,3,10.5,107,2,2/33,53.5,9.87,32.5,0,0
1193,Ben Cutting,9,7,17.0,168,2,1/12,84.0,9.88,51.0,0,0
1194,Mitchell Johnson,6,6,21.0,216,2,1/30,108.0,10.28,63.0,0,0
1195,Javon Searles,4,3,7.0,89,2,1/24,44.5,12.71,21.0,0,0
1196,Vinay Kumar,2,2,3.5,65,2,2/30,32.5,16.95,11.5,0,0
1197,D'Arcy Short,7,2,3.0,19,1,1/10,19.0,6.33,18.0,0,0
1198,Yusuf Pathan,15,1,2.0,14,1,1/14,14.0,7.0,12.0,0,0
1199,Mohammad Nabi,2,2,5.0,47,1,1/23,47.0,9.4,30.0,0,0
1200,Anureet Singh,3,3,4.0,42,1,1/20,42.0,10.5,24.0,0,0
1201,Vijay Shankar,13,4,5.0,58,1,1/22,58.0,11.6,30.0,0,0
1202,Pawan Negi,2,2,4.0,49,1,1/36,49.0,12.25,24.0,0,0
1203,Chris Jordan,1,1,4.0,31,0,0/31,0.0,7.75,0.0,0,0
1204,Deepak Hooda,9,2,3.0,24,0,0/8,0.0,8.0,0.0,0,0
1205,Mahipal Lomror,2,2,3.0,27,0,0/8,0.0,9.0,0.0,0,0
1206,Pradeep Sangwan,1,1,2.0,19,0,0/19,0.0,9.5,0.0,0,0
1207,Manoj Tiwary,5,1,1.0,10,0,0/10,0.0,10.0,0.0,0,0
1208,Ankit Sharma,1,1,1.0,11,0,0/11,0.0,11.0,0.0,0,0
1209,Junior Dala,1,1,3.0,34,0,0/34,0.0,11.33,0.0,0,0
1210,Yuvraj Singh,8,2,2.0,23,0,0/10,0.0,11.5,0.0,0,0
1211,Akila Dananjaya,1,1,4.0,47,0,0/47,0.0,11.75,0.0,0,0
1212,JP Duminy,6,2,3.0,36,0,0/8,0.0,12.0,0.0,0,0
1213,Mark Wood,1,1,4.0,49,0,0/49,0.0,12.25,0.0,0,0
1214,Khaleel Ahmed,1,1,3.0,38,0,0/38,0.0,12.66,0.0,0,0
1215,Stuart Binny,7,1,2.0,33,0,0/33,0.0,16.5,0.0,0,0
1216,Imran Tahir,17,17,64.2,431,26,4/12,16.57,6.69,14.84,2,0
1217,Kagiso Rabada,12,12,47.0,368,25,4/21,14.72,7.82,11.28,2,0
1218,Deepak Chahar,17,17,64.3,482,22,3/20,21.9,7.47,17.59,0,0
1219,Shreyas Gopal,14,14,48.0,347,20,3/12,17.35,7.22,14.4,0,0
1220,Jasprit Bumrah,16,16,61.4,409,19,3/20,21.52,6.63,19.47,0,0
1221,Khaleel Ahmed,9,9,34.5,287,19,3/30,15.1,8.23,11.0,0,0
1222,Mohammad Shami,14,14,54.0,469,19,3/21,24.68,8.68,17.05,0,0
1223,Yuzvendra Chahal,14,14,49.2,386,18,4/38,21.44,7.82,16.44,1,0
1224,Rashid Khan,15,15,60.0,377,17,3/21,22.17,6.28,21.17,0,0
1225,Harbhajan Singh,11,11,44.0,312,16,3/20,19.5,7.09,16.5,0,0
1226,Lasith Malinga,12,12,44.5,438,16,4/31,27.37,9.76,16.81,2,0
1227,Ravindra Jadeja,16,16,54.0,343,15,3/9,22.86,6.35,21.6,0,0
1228,Ravichandran Ashwin,14,14,55.0,400,15,3/23,26.66,7.27,22.0,0,0
1229,Hardik Pandya,16,16,42.3,390,14,3/20,27.85,9.17,18.21,0,0
1230,Rahul Chahar,13,13,47.0,308,13,3/19,23.69,6.55,21.69,0,0
1231,Ishant Sharma,13,13,46.0,349,13,3/38,26.84,7.58,21.23,0,0
1232,Bhuvneshwar Kumar,15,15,59.0,461,13,2/24,35.46,7.81,27.23,0,0
1233,Chris Morris,9,9,33.0,306,13,3/22,23.53,9.27,15.23,0,0
1234,Krunal Pandya,16,16,46.0,335,12,3/34,27.91,7.28,23.0,0,0
1235,Sandeep Sharma,11,11,42.4,352,12,3/19,29.33,8.25,21.33,0,0
1236,Amit Mishra,11,11,40.0,270,11,3/17,24.54,6.75,21.81,0,0
1237,Jofra Archer,11,11,43.0,291,11,3/15,26.45,6.76,23.45,0,0
1238,Dwayne Bravo,12,12,41.1,330,11,3/33,30.0,8.01,22.45,0,0
1239,Navdeep Saini,13,13,48.0,397,11,2/24,36.09,8.27,26.18,0,0
1240,Andre Russell,14,12,30.1,287,11,2/21,26.09,9.51,16.45,0,0
1241,Axar Patel,14,14,51.0,364,10,2/22,36.4,7.13,30.6,0,0
1242,Sunil Narine,12,12,44.2,347,10,2/19,34.7,7.82,26.6,0,0
1243,Piyush Chawla,13,13,44.3,399,10,3/20,39.9,8.96,26.7,0,0
1244,Sam Curran,9,9,33.0,323,10,4/11,32.3,9.78,19.8,1,0
1245,Jaydev Unadkat,11,11,37.2,398,10,2/26,39.8,10.66,22.4,0,0
1246,Keemo Paul,8,8,27.1,237,9,3/17,26.33,8.72,18.11,0,0
1247,Mohammad Nabi,8,8,29.1,194,8,4/11,24.25,6.65,21.87,1,0
1248,Sandeep Lamichhane,6,6,23.0,210,8,3/40,26.25,9.13,17.25,0,0
1249,Shardul Thakur,10,9,30.0,281,8,2/18,35.12,9.36,22.5,0,0
1250,Umesh Yadav,11,11,37.5,371,8,3/36,46.37,9.8,28.37,0,0
1251,Harry Gurney,8,8,27.0,238,7,2/25,34.0,8.81,23.14,0,0
1252,Mohammed Siraj,9,9,28.1,269,7,2/38,38.42,9.55,24.14,0,0
1253,Hardus Viljoen,6,6,23.0,222,7,2/39,31.71,9.65,19.71,0,0
1254,Moeen Ali,11,9,25.0,169,6,2/18,28.16,6.76,25.0,0,0
1255,Siddarth Kaul,7,7,27.0,242,6,2/34,40.33,8.96,27.0,0,0
1256,Dhawal Kulkarni,10,10,35.0,335,6,1/14,55.83,9.57,35.0,0,0
1257,Alzarri Joseph,3,3,8.4,87,6,6/12,14.5,10.03,8.66,0,1
1258,Ben Stokes,9,6,16.5,189,6,2/39,31.5,11.22,16.83,0,0
1259,Murugan Ashwin,10,10,34.0,255,5,2/25,51.0,7.5,40.8,0,0
1260,Oshane Thomas,4,4,10.0,79,5,2/6,15.8,7.9,12.0,0,0
1261,Trent Boult,5,5,19.0,163,5,2/27,32.6,8.57,22.8,0,0
1262,Jason Behrendorff,5,5,19.0,165,5,2/22,33.0,8.68,22.8,0,0
1263,Mitchell Santner,4,4,14.0,94,4,2/13,23.5,6.71,21.0,0,0
1264,Washington Sundar,3,3,9.0,74,4,3/24,18.5,8.22,13.5,0,0
1265,Dale Steyn,2,2,8.0,69,4,2/29,17.25,8.62,12.0,0,0
1266,Kuldeep Yadav,9,9,33.0,286,4,2/41,71.5,8.66,49.5,0,0
1267,Prasidh Krishna,11,11,40.2,377,4,1/22,94.25,9.34,60.5,0,0
1268,Ish Sodhi,2,2,7.1,67,4,3/26,16.75,9.34,10.75,0,0
1269,Varun Aaron,5,5,12.0,116,4,2/20,29.0,9.66,18.0,0,0
1270,Mitchell McClenaghan,5,5,18.0,142,3,3/40,47.33,7.88,36.0,0,0
1271,Nitish Rana,14,6,8.0,72,3,1/8,24.0,9.0,16.0,0,0
1272,Pawan Negi,7,4,11.1,102,3,2/21,34.0,9.13,22.33,0,0
1273,Ankit Rajpoot,4,4,16.0,152,3,2/33,50.66,9.5,32.0,0,0
1274,Mujeeb Ur Rahman,5,5,19.0,191,3,2/31,63.66,10.05,38.0,0,0
1275,Andrew Tye,6,6,22.0,233,3,1/37,77.66,10.59,44.0,0,0
1276,Arshdeep Singh,3,3,10.0,109,3,2/43,36.33,10.9,20.0,0,0
1277,Rahul Tewatia,5,3,6.2,42,2,1/10,21.0,6.63,19.0,0,0
1278,Jagadeesha Suchith,1,1,4.0,28,2,2/28,14.0,7.0,12.0,0,0
1279,Sandeep Warrier,3,3,12.0,85,2,2/31,42.5,7.08,36.0,0,0
1280,Riyan Parag,7,7,14.0,121,2,1/10,60.5,8.64,42.0,0,0
1281,Marcus Stoinis,10,6,16.4,145,2,1/13,72.5,8.7,50.0,0,0
1282,Shakib Al Hasan,3,3,10.5,95,2,1/26,47.5,8.76,32.5,0,0
1283,Scott Kuggeleijn,2,2,8.0,71,2,2/37,35.5,8.87,24.0,0,0
1284,Harshal Patel,2,2,8.0,77,2,2/40,38.5,9.62,24.0,0,0
1285,Shahbaz Nadeem,3,3,9.0,90,2,1/24,45.0,10.0,27.0,0,0
1286,Lockie Ferguson,5,5,17.0,183,2,1/38,91.5,10.76,51.0,0,0
1287,Anukul Roy,1,1,2.0,11,1,1/11,11.0,5.5,12.0,0,0
1288,Stuart Binny,8,5,7.0,44,1,1/19,44.0,6.28,42.0,0,0
1289,Jayant Yadav,2,2,7.0,50,1,1/25,50.0,7.14,42.0,0,0
1290,Krishnappa Gowtham,7,7,20.0,166,1,1/32,166.0,8.3,120.0,0,0
1291,Sherfane Rutherford,7,6,6.5,59,1,1/6,59.0,8.63,41.0,0,0
1292,Vijay Shankar,15,5,8.0,70,1,1/11,70.0,8.75,48.0,0,0
1293,Mohit Sharma,1,1,3.0,27,1,1/27,27.0,9.0,18.0,0,0
1294,Kulwant Khejroliya,2,2,5.0,47,1,1/29,47.0,9.4,30.0,0,0
1295,Mayank Markande,3,3,6.0,59,1,1/23,59.0,9.83,36.0,0,0
1296,Deepak Hooda,11,2,2.0,21,1,1/13,21.0,10.5,12.0,0,0
1297,Abhishek Sharma,3,2,2.0,21,1,1/10,21.0,10.5,12.0,0,0
1298,Prithvi Raj Yarra,2,2,5.0,57,1,1/29,57.0,11.4,30.0,0,0
1299,Karn Sharma,1,1,2.5,33,1,1/33,33.0,11.64,17.0,0,0
1300,Varun Chakaravarthy,1,1,3.0,35,1,1/35,35.0,11.66,18.0,0,0
1301,Tim Southee,3,3,9.0,118,1,1/24,118.0,13.11,54.0,0,0
1302,Ben Cutting,3,1,2.0,27,1,1/27,27.0,13.5,12.0,0,0
1303,Shivam Dube,4,2,1.4,8,0,0/3,0.0,4.8,0.0,0,0
1304,Suresh Raina,17,1,1.0,6,0,0/6,0.0,6.0,0.0,0,0
1305,Yusuf Pathan,10,1,1.0,8,0,0/8,0.0,8.0,0.0,0,0
1306,Hanuma Vihari,2,1,1.0,9,0,0/9,0.0,9.0,0.0,0,0
1307,Basil Thampi,3,3,12.0,110,0,0/29,0.0,9.16,0.0,0,0
1308,Harpreet Brar,2,2,5.0,48,0,0/24,0.0,9.6,0.0,0,0
1309,Carlos Brathwaite,2,2,3.0,29,0,0/13,0.0,9.66,0.0,0,0
1310,Avesh Khan,1,1,3.0,30,0,0/30,0.0,10.0,0.0,0,0
1311,Rasikh Salam,1,1,4.0,42,0,0/42,0.0,10.5,0.0,0,0
1312,Colin de Grandhomme,4,3,5.0,55,0,0/12,0.0,11.0,0.0,0,0
1313,Barinder Sran,2,2,4.0,51,0,0/24,0.0,12.75,0.0,0,0
1314,Liam Livingstone,4,1,1.0,13,0,0/13,0.0,13.0,0.0,0,0
1315,Mandeep Singh,13,2,2.0,26,0,0/8,0.0,13.0,0.0,0,0
1316,Sudhesan Midhun,1,1,2.0,27,0,0/27,0.0,13.5,0.0,0,0
1317,Prayas Ray Barman,1,1,4.0,56,0,0/56,0.0,14.0,0.0,0,0
1318,KC Cariappa,1,1,2.0,34,0,0/34,0.0,17.0,0.0,0,0
1319,Sarfaraz Khan,8,1,0.2,6,0,0/6,0.0,18.0,0.0,0,0
1320,Kagiso Rabada,17,17,65.4,548,30,4/24,18.26,8.34,13.13,2,0
1321,Jasprit Bumrah,15,15,60.0,404,27,4/14,14.96,6.73,13.33,2,0
1322,Trent Boult,15,15,57.2,457,25,4/18,18.28,7.97,13.76,1,0
1323,Anrich Nortje,16,16,61.0,512,22,3/33,23.27,8.39,16.63,0,0
1324,Yuzvendra Chahal,15,15,57.1,405,21,3/18,19.28,7.08,16.33,0,0
1325,Rashid Khan,16,16,64.0,344,20,3/7,17.2,5.37,19.2,0,0
1326,Jofra Archer,14,14,55.4,365,20,3/19,18.25,6.55,16.7,0,0
1327,Mohammad Shami,14,14,53.4,460,20,3/15,23.0,8.57,16.1,0,0
1328,Varun Chakaravarthy,13,13,52.0,356,17,5/20,20.94,6.84,18.35,0,1
1329,T Natarajan,16,16,62.5,504,16,2/24,31.5,8.02,23.56,0,0
1330,Rahul Chahar,15,15,53.0,433,15,2/18,28.86,8.16,21.2,0,0
1331,Sandeep Sharma,13,13,52.0,374,14,3/34,26.71,7.19,22.28,0,0
1332,Jason Holder,7,7,28.0,233,14,3/25,16.64,8.32,12.0,0,0
1333,Ravichandran Ashwin,15,15,51.0,391,13,3/29,30.07,7.66,23.53,0,0
1334,Sam Curran,14,13,42.0,344,13,3/19,26.46,8.19,19.38,0,0
1335,Marcus Stoinis,17,13,29.4,283,13,3/26,21.76,9.53,13.69,0,0
1336,Ravi Bishnoi,14,14,51.0,376,12,3/29,31.33,7.37,25.5,0,0
1337,Deepak Chahar,14,14,52.0,396,12,2/18,33.0,7.61,26.0,0,0
1338,Pat Cummins,14,14,52.0,409,12,4/34,34.08,7.86,26.0,1,0
1339,Chris Morris,9,9,31.4,210,11,4/26,19.09,6.63,17.27,1,0
1340,Mohammed Siraj,9,9,27.1,236,11,3/8,21.45,8.68,14.81,0,0
1341,James Pattinson,10,10,35.3,320,11,2/19,29.09,9.01,19.36,0,0
1342,Rahul Tewatia,14,14,46.0,326,10,3/25,32.6,7.08,27.6,0,0
1343,Murugan Ashwin,9,9,31.3,235,10,3/21,23.5,7.46,18.9,0,0
1344,Shardul Thakur,9,9,32.2,275,10,2/28,27.5,8.5,19.4,0,0
1345,Shreyas Gopal,14,14,50.0,427,10,2/28,42.7,8.54,30.0,0,0
1346,Axar Patel,15,15,51.0,327,9,2/18,36.33,6.41,34.0,0,0
1347,Shivam Mavi,8,8,26.0,212,9,2/15,23.55,8.15,17.33,0,0
1348,Arshdeep Singh,8,8,24.5,218,9,3/23,24.22,8.77,16.55,0,0
1349,Kartik Tyagi,10,10,38.1,367,9,2/36,40.77,9.61,25.44,0,0
1350,Chris Jordan,9,9,31.3,304,9,3/17,33.77,9.65,21.0,0,0
1351,Lungi Ngidi,4,4,16.0,167,9,3/38,18.55,10.43,10.66,0,0
1352,Washington Sundar,15,15,50.0,298,8,2/16,37.25,5.96,37.5,0,0
1353,Khaleel Ahmed,7,7,25.4,242,8,2/24,30.25,9.42,19.25,0,0
1354,Isuru Udana,10,10,29.0,282,8,2/41,35.25,9.72,21.75,0,0
1355,Lockie Ferguson,5,5,19.5,148,6,3/15,24.66,7.46,19.83,0,0
1356,Krunal Pandya,16,16,50.1,380,6,2/26,63.33,7.57,50.16,0,0
1357,Navdeep Saini,13,13,45.4,379,6,2/25,63.16,8.29,45.66,0,0
1358,Dwayne Bravo,6,6,21.0,180,6,3/37,30.0,8.57,21.0,0,0
1359,Ravindra Jadeja,14,13,36.2,318,6,2/42,53.0,8.75,36.33,0,0
1360,Sheldon Cottrell,6,6,20.0,176,6,2/17,29.33,8.8,20.0,0,0
1361,Piyush Chawla,7,7,21.0,191,6,2/33,31.83,9.09,21.0,0,0
1362,Andre Russell,10,7,18.0,175,6,2/29,29.16,9.72,18.0,0,0
1363,Nathan Coulter-Nile,7,7,26.0,206,5,2/29,41.2,7.92,31.2,0,0
1364,Sunil Narine,10,10,38.0,302,5,2/28,60.4,7.94,45.6,0,0
1365,Shahbaz Nadeem,7,7,22.0,178,5,2/19,35.6,8.09,26.4,0,0
1366,Karn Sharma,5,5,19.0,165,5,2/25,33.0,8.68,22.8,0,0
1367,Kamlesh Nagarkoti,10,9,26.0,231,5,2/13,46.2,8.88,31.2,0,0
1368,Vijay Shankar,7,5,13.1,82,4,1/11,20.5,6.22,19.75,0,0
1369,Shivam Dube,11,5,9.0,73,4,2/15,18.25,8.11,13.5,0,0
1370,Kieron Pollard,16,11,21.0,190,4,1/5,47.5,9.04,31.5,0,0
1371,Prasidh Krishna,6,6,17.3,164,4,3/29,41.0,9.37,26.25,0,0
1372,Jaydev Unadkat,7,7,23.0,228,4,2/32,57.0,9.91,34.5,0,0
1373,Bhuvneshwar Kumar,4,4,14.1,99,3,2/25,33.0,6.98,28.33,0,0
1374,Amit Mishra,3,3,10.0,72,3,2/35,24.0,7.2,20.0,0,0
1375,Glenn Maxwell,13,7,21.0,169,3,1/10,56.33,8.04,42.0,0,0
1376,Harshal Patel,5,5,15.0,134,3,2/34,44.66,8.93,30.0,0,0
1377,Tushar Deshpande,5,5,17.0,192,3,2/37,64.0,11.29,34.0,0,0
1378,Tom Curran,5,5,18.1,208,3,1/37,69.33,11.44,36.33,0,0
1379,Shahbaz Ahmed,2,2,6.0,44,2,2/26,22.0,7.33,18.0,0,0
1380,Mitchell Santner,2,2,7.0,53,2,1/23,26.5,7.57,21.0,0,0
1381,Adam Zampa,3,3,11.0,92,2,1/12,46.0,8.36,33.0,0,0
1382,Abhishek Sharma,8,6,10.0,91,2,1/15,45.5,9.1,30.0,0,0
1383,Jimmy Neesham,5,5,15.0,148,2,1/17,74.0,9.86,45.0,0,0
1384,Ben Stokes,8,6,15.0,154,2,2/32,77.0,10.26,45.0,0,0
1385,Ankit Rajpoot,6,6,17.0,199,2,1/39,99.5,11.7,51.0,0,0
1386,Siddarth Kaul,1,1,4.0,64,2,2/64,32.0,16.0,12.0,0,0
1387,Jayant Yadav,2,2,7.0,43,1,1/25,43.0,6.14,42.0,0,0
1388,Josh Hazlewood,3,3,10.0,64,1,1/19,64.0,6.4,60.0,0,0
1389,Imran Tahir,3,3,11.0,76,1,1/24,76.0,6.9,66.0,0,0
1390,Kuldeep Yadav,5,4,12.0,92,1,1/20,92.0,7.66,72.0,0,0
1391,Moeen Ali,3,3,5.0,42,1,1/21,42.0,8.4,30.0,0,0
1392,Krishnappa Gowtham,2,2,8.0,84,1,1/45,84.0,10.5,48.0,0,0
1393,Mohit Sharma,1,1,4.0,45,1,1/45,45.0,11.25,24.0,0,0
1394,Dale Steyn,3,3,11.4,133,1,1/33,133.0,11.4,70.0,0,0
1395,Basil Thampi,1,1,4.0,46,1,1/46,46.0,11.5,24.0,0,0
1396,Andrew Tye,1,1,4.0,50,1,1/50,50.0,12.5,24.0,0,0
1397,Abdul Samad,12,3,7.0,96,1,1/41,96.0,13.71,42.0,0,0
1398,Mohammad Nabi,1,1,4.0,23,0,0/23,0.0,5.75,0.0,0,0
1399,Chris Gayle,7,1,0.5,5,0,0/5,0.0,6.0,0.0,0,0
1400,Dhawal Kulkarni,1,1,3.0,22,0,0/22,0.0,7.33,0.0,0,0
1401,Chris Green,1,1,2.5,24,0,0/24,0.0,8.47,0.0,0,0
1402,Ishant Sharma,1,1,3.0,26,0,0/26,0.0,8.66,0.0,0,0
1403,Deepak Hooda,7,1,1.0,9,0,0/9,0.0,9.0,0.0,0,0
1404,Mitchell Marsh,1,1,0.4,6,0,0/6,0.0,9.0,0.0,0,0
1405,Pravin Dubey,3,3,8.0,72,0,0/14,0.0,9.0,0.0,0,0
1406,Daniel Sams,3,3,12.0,114,0,0/30,0.0,9.5,0.0,0,0
1407,Monu Kumar,1,1,2.0,20,0,0/20,0.0,10.0,0.0,0,0
1408,Harpreet Brar,1,1,4.0,41,0,0/41,0.0,10.25,0.0,0,0
1409,Mujeeb Ur Rahman,2,2,8.0,83,0,0/39,0.0,10.37,0.0,0,0
1410,Avesh Khan,1,1,4.0,42,0,0/42,0.0,10.5,0.0,0,0
1411,Sandeep Warrier,1,1,3.0,34,0,0/34,0.0,11.33,0.0,0,0
1412,Nitish Rana,14,2,2.0,23,0,0/7,0.0,11.5,0.0,0,0
1413,Varun Aaron,3,3,8.0,94,0,0/22,0.0,11.75,0.0,0,0
1414,Umesh Yadav,2,2,7.0,83,0,0/35,0.0,11.85,0.0,0,0
1415,Kane Williamson,12,1,2.0,24,0,0/24,0.0,12.0,0.0,0,0
1416,David Warner,16,1,0.1,2,0,0/2,0.0,12.0,0.0,0,0
1417,Riyan Parag,12,2,2.0,27,0,0/13,0.0,13.5,0.0,0,0
1418,Harshal Patel,15,15,56.2,459,32,5/27,14.34,8.14,10.56,1,1
1419,Avesh Khan,16,16,61.0,450,24,3/13,18.75,7.37,15.25,0,0
1420,Jasprit Bumrah,14,14,55.0,410,21,3/36,19.52,7.45,15.71,0,0
1421,Shardul Thakur,16,16,59.5,527,21,3/28,25.09,8.8,17.09,0,0
1422,Mohammad Shami,14,14,52.4,395,19,3/21,20.78,7.5,16.63,0,0
1423,Varun Chakaravarthy,17,17,68.0,448,18,3/13,24.88,6.58,22.66,0,0
1424,Rashid Khan,14,14,56.0,375,18,3/36,20.83,6.69,18.66,0,0
1425,Yuzvendra Chahal,15,15,53.0,374,18,3/11,20.77,7.05,17.66,0,0
1426,Arshdeep Singh,12,12,41.2,342,18,5/32,19.0,8.27,13.77,0,1
1427,Sunil Narine,14,14,56.0,361,16,4/21,22.56,6.44,21.0,1,0
1428,Jason Holder,8,8,31.5,247,16,4/52,15.43,7.75,11.93,1,0
1429,Axar Patel,12,12,46.0,306,15,3/21,20.4,6.65,18.4,0,0
1430,Kagiso Rabada,15,15,56.0,456,15,3/36,30.4,8.14,22.4,0,0
1431,Chris Morris,11,11,41.0,376,15,4/23,25.06,9.17,16.4,1,0
1432,Dwayne Bravo,11,11,33.4,263,14,3/24,18.78,7.81,14.42,0,0
1433,Chetan Sakariya,14,14,52.0,426,14,3/31,30.42,8.19,22.28,0,0
1434,Deepak Chahar,15,15,54.0,451,14,4/13,32.21,8.35,23.14,2,0
1435,Mustafizur Rahman,14,14,51.5,436,14,3/20,31.14,8.41,22.21,0,0
1436,Ravindra Jadeja,16,16,49.0,346,13,3/13,26.61,7.06,22.61,0,0
1437,Rahul Chahar,11,11,43.0,318,13,4/27,24.46,7.39,19.84,1,0
1438,Lockie Ferguson,8,8,30.0,224,13,3/18,17.23,7.46,13.84,0,0
1439,Trent Boult,14,14,51.2,406,13,3/28,31.23,7.9,23.69,0,0
1440,Anrich Nortje,8,8,30.2,187,12,2/12,15.58,6.16,15.16,0,0
1441,Ravi Bishnoi,9,9,35.0,222,12,3/24,18.5,6.34,17.5,0,0
1442,Prasidh Krishna,10,10,38.3,351,12,3/30,29.25,9.11,19.25,0,0
1443,Mohammed Siraj,15,15,52.0,353,11,3/27,32.09,6.78,28.36,0,0
1444,Shivam Mavi,9,9,32.1,233,11,4/21,21.18,7.24,17.54,1,0
1445,Josh Hazlewood,9,9,35.0,293,11,3/24,26.63,8.37,19.09,0,0
1446,Andre Russell,10,8,19.0,188,11,5/15,17.09,9.89,10.36,0,1
1447,Pat Cummins,7,7,26.5,237,9,3/24,26.33,8.83,17.88,0,0
1448,Kyle Jamieson,9,9,28.0,269,9,3/41,29.88,9.6,18.66,0,0
1449,Sam Curran,9,9,33.0,328,9,3/34,36.44,9.93,22.0,0,0
1450,Rahul Tewatia,14,13,37.0,340,8,3/39,42.5,9.18,27.75,0,0
1451,Nathan Coulter-Nile,5,5,20.0,127,7,4/14,18.14,6.35,17.14,1,0
1452,Shahbaz Ahmed,11,6,14.0,92,7,3/7,13.14,6.57,12.0,0,0
1453,Ravichandran Ashwin,13,13,44.4,331,7,2/27,47.28,7.41,38.28,0,0
1454,Siddarth Kaul,8,8,30.0,247,7,2/31,35.28,8.23,25.71,0,0
1455,Moeen Ali,15,10,25.2,161,6,3/7,26.83,6.35,25.33,0,0
1456,Amit Mishra,4,4,14.0,109,6,4/24,18.16,7.78,14.0,1,0
1457,Bhuvneshwar Kumar,11,11,42.0,335,6,1/16,55.83,7.97,42.0,0,0
1458,Harpreet Brar,7,7,23.0,139,5,3/19,27.8,6.04,27.6,0,0
1459,Kieron Pollard,14,9,13.1,95,5,2/8,19.0,7.21,15.8,0,0
1460,Jimmy Neesham,3,3,9.0,66,5,3/12,13.2,7.33,10.8,0,0
1461,Chris Woakes,3,3,11.0,82,5,2/18,16.4,7.45,13.2,0,0
1462,Krunal Pandya,13,12,33.1,265,5,1/13,53.0,7.98,39.8,0,0
1463,Khaleel Ahmed,7,7,27.0,219,5,3/21,43.8,8.11,32.4,0,0
1464,Lungi Ngidi,3,3,12.0,125,5,3/28,25.0,10.41,14.4,0,0
1465,Moises Henriques,5,5,10.0,45,4,3/12,11.25,4.5,15.0,0,0
1466,Abhishek Sharma,8,6,10.0,64,4,2/4,16.0,6.4,15.0,0,0
1467,Shakib Al Hasan,8,8,26.0,187,4,1/1,46.75,7.19,39.0,0,0
1468,Lalit Yadav,7,5,14.0,101,4,2/13,25.25,7.21,21.0,0,0
1469,Jaydev Unadkat,6,6,22.0,168,4,3/15,42.0,7.63,33.0,0,0
1470,Chris Jordan,4,4,12.0,96,4,2/20,24.0,8.0,18.0,0,0
1471,Kartik Tyagi,4,4,14.0,124,4,2/29,31.0,8.85,21.0,0,0
1472,Tom Curran,3,3,11.2,104,4,3/29,26.0,9.17,17.0,0,0
1473,Dan Christian,9,9,16.4,155,4,2/14,38.75,9.3,25.0,0,0
1474,Riley Meredith,5,5,17.0,169,4,1/29,42.25,9.94,25.5,0,0
1475,Washington Sundar,6,6,16.0,118,3,1/7,39.33,7.37,32.0,0,0
1476,Tim Southee,3,3,12.0,95,3,2/26,31.66,7.91,24.0,0,0
1477,Venkatesh Iyer,10,4,8.3,69,3,2/29,23.0,8.11,17.0,0,0
1478,Glenn Maxwell,15,6,16.0,135,3,2/23,45.0,8.43,32.0,0,0
1479,Sandeep Sharma,7,7,23.3,203,3,1/20,67.66,8.63,47.0,0,0
1480,George Garton,5,5,15.0,135,3,1/27,45.0,9.0,30.0,0,0
1481,Vijay Shankar,7,5,11.0,100,3,2/19,33.33,9.09,22.0,0,0
1482,Adam Milne,4,4,14.0,131,3,2/21,43.66,9.35,28.0,0,0
1483,Jhye Richardson,3,3,11.0,117,3,2/41,39.0,10.63,22.0,0,0
1484,Imran Tahir,1,1,4.0,16,2,2/16,8.0,4.0,12.0,0,0
1485,Mujeeb Ur Rahman,1,1,4.0,29,2,2/29,14.5,7.25,12.0,0,0
1486,Marco Jansen,2,2,6.0,45,2,2/28,22.5,7.5,18.0,0,0
1487,Jayant Yadav,5,5,17.0,130,2,1/25,65.0,7.64,51.0,0,0
1488,Umran Malik,3,3,12.0,96,2,1/21,48.0,8.0,36.0,0,0
1489,Deepak Hooda,12,7,16.0,136,2,1/15,68.0,8.5,48.0,0,0
1490,T Natarajan,2,2,8.0,69,2,1/32,34.5,8.62,24.0,0,0
1491,Marcus Stoinis,10,8,11.1,117,2,1/7,58.5,10.47,33.5,0,0
1492,Mohammad Nabi,3,3,8.0,86,2,2/32,43.0,10.75,24.0,0,0
1493,Daniel Sams,2,2,6.0,39,1,1/24,39.0,6.5,36.0,0,0
1494,Mahipal Lomror,4,4,7.0,47,1,1/22,47.0,6.71,42.0,0,0
1495,Ishant Sharma,3,3,12.0,97,1,1/26,97.0,8.08,72.0,0,0
1496,Nathan Ellis,3,3,12.0,98,1,1/20,98.0,8.16,72.0,0,0
1497,Fabian Allen,4,3,11.0,90,1,1/22,90.0,8.18,66.0,0,0
1498,KM Asif,1,1,2.1,18,1,1/18,18.0,8.3,13.0,0,0
1499,Murugan Ashwin,3,3,11.0,97,1,1/32,97.0,8.81,66.0,0,0
1500,Shahbaz Nadeem,1,1,4.0,36,1,1/36,36.0,9.0,24.0,0,0
1501,Abdul Samad,11,1,1.0,9,1,1/9,9.0,9.0,6.0,0,0
1502,Piyush Chawla,1,1,4.0,38,1,1/38,38.0,9.5,24.0,0,0
1503,Kane Richardson,1,1,3.0,29,1,1/29,29.0,9.66,18.0,0,0
1504,Ishan Porel,1,1,4.0,39,1,1/39,39.0,9.75,24.0,0,0
1505,Glenn Phillips,3,2,2.0,20,1,1/17,20.0,10.0,12.0,0,0
1506,Lukman Meriwala,1,1,3.0,32,1,1/32,32.0,10.66,18.0,0,0
1507,Riyan Parag,11,6,6.1,73,1,1/7,73.0,11.83,37.0,0,0
1508,Aiden Markram,6,2,4.0,23,0,0/5,0.0,5.75,0.0,0,0
1509,Nitish Rana,17,2,2.0,12,0,0/5,0.0,6.0,0.0,0,0
1510,Ripal Patel,2,1,3.0,22,0,0/22,0.0,7.33,0.0,0,0
1511,Sandeep Warrier,1,1,2.0,15,0,0/15,0.0,7.5,0.0,0,0
1512,Kuldip Yadav,1,1,2.0,16,0,0/16,0.0,8.0,0.0,0,0
1513,Tabraiz Shamsi,1,1,4.0,34,0,0/34,0.0,8.5,0.0,0,0
1514,Mayank Markande,1,1,3.0,26,0,0/26,0.0,8.66,0.0,0,0
1515,Harbhajan Singh,3,3,7.0,63,0,0/8,0.0,9.0,0.0,0,0
1516,Jalaj Saxena,1,1,3.0,27,0,0/27,0.0,9.0,0.0,0,0
1517,Jagadeesha Suchith,2,2,7.0,66,0,0/21,0.0,9.42,0.0,0,0
1518,Akash Singh,1,1,4.0,39,0,0/39,0.0,9.75,0.0,0,0
1519,Shivam Dube,9,4,5.0,49,0,0/5,0.0,9.8,0.0,0,0
1520,Wanindu Hasaranga,2,2,6.0,60,0,0/20,0.0,10.0,0.0,0,0
1521,Rohit Sharma,13,2,1.1,13,0,0/4,0.0,11.14,0.0,0,0
1522,Adil Rashid,1,1,3.0,35,0,0/35,0.0,11.66,0.0,0,0
1523,Ben Stokes,1,1,1.0,12,0,0/12,0.0,12.0,0.0,0,0
1524,Dhawal Kulkarni,1,1,4.0,48,0,0/48,0.0,12.0,0.0,0,0
1525,Shreyas Gopal,3,3,7.0,84,0,0/9,0.0,12.0,0.0,0,0
1526,Kamlesh Nagarkoti,1,1,2.0,25,0,0/25,0.0,12.5,0.0,0,0
1527,Navdeep Saini,2,2,4.0,52,0,0/25,0.0,13.0,0.0,0,0
