Season,Name,Nationality,Type,Team,Price
2023,Ajinkya Rahane ,Indian ,Batter , Chennai Super Kings,"50,00,000 "
2023,Bhagath Varma ,Indian ,All-Rounder , Chennai Super Kings,"20,00,000 "
2023,Kyle Jamieson ,Overseas ,Bowler , Chennai Super Kings,"1,00,00,000 "
2023,Ajay Mandal ,Indian ,All-Rounder , Chennai Super Kings,"20,00,000 "
2023,Nishant Sindhu ,Indian ,All-Rounder , Chennai Super Kings,"60,00,000 "
2023,Shaik Rasheed ,Indian ,Batter , Chennai Super Kings,"20,00,000 "
2023,Ben Stokes ,Overseas ,All-Rounder , Chennai Super Kings,"16,25,00,000 "
2023,Phil Salt ,Overseas ,Wicket-Keeper , Delhi Capitals,"2,00,00,000 "
2023,Ishant Sharma ,Indian ,Bowler , Delhi Capitals,"50,00,000 "
2023,Rilee Rossouw ,Overseas ,Batter , Delhi Capitals,"4,60,00,000 "
2023,Manish Pandey ,Indian ,Batter , Delhi Capitals,"2,40,00,000 "
2023,Mukesh Kumar ,Indian ,Bowler , Delhi Capitals,"5,50,00,000 "
2023,Shivam Mavi ,Indian ,Bowler , Gujarat Titans,"6,00,00,000 "
2023,K.S. Bharat ,Indian ,Wicket-Keeper , Gujarat Titans,"1,20,00,000 "
2023,Urvil Patel ,Indian ,Wicket-Keeper , Gujarat Titans,"20,00,000 "
2023,Mohit Sharma ,Indian ,Bowler , Gujarat Titans,"50,00,000 "
2023,Joshua Little ,Overseas ,Bowler , Gujarat Titans,"4,40,00,000 "
2023,Kane Williamson ,Overseas ,Batter , Gujarat Titans,"2,00,00,000 "
2023,Odean Smith ,Overseas ,All-Rounder , Gujarat Titans,"50,00,000 "
2023,Kulwant Khejroliya ,Indian ,Bowler , Kolkata Knight Riders,"20,00,000 "
2023,Shakib Al Hasan ,Overseas ,All-Rounder , Kolkata Knight Riders,"1,50,00,000 "
2023,Vaibhav Arora ,Indian ,Bowler , Kolkata Knight Riders,"60,00,000 "
2023,N. Jagadeesan ,Indian ,Wicket-Keeper , Kolkata Knight Riders,"90,00,000 "
2023,David Wiese ,Overseas ,All-Rounder , Kolkata Knight Riders,"1,00,00,000 "
2023,Mandeep Singh ,Indian ,Batter , Kolkata Knight Riders,"50,00,000 "
2023,Litton Das ,Overseas ,Wicket-Keeper , Kolkata Knight Riders,"50,00,000 "
2023,Suyash Sharma ,Indian ,Bowler , Kolkata Knight Riders,"20,00,000 "
2023,Amit Mishra ,Indian ,Bowler , Lucknow Super Giants,"50,00,000 "
2023,Nicholas Pooran ,Overseas ,Wicket-Keeper , Lucknow Super Giants,"16,00,00,000 "
2023,Romario Shepherd ,Overseas ,All-Rounder , Lucknow Super Giants,"50,00,000 "
2023,Daniel Sams ,Overseas ,All-Rounder , Lucknow Super Giants,"75,00,000 "
2023,Swapnil Singh ,Indian ,All-Rounder , Lucknow Super Giants,"20,00,000 "
2023,Yudhvir Charak ,Indian ,All-Rounder , Lucknow Super Giants,"20,00,000 "
2023,Prerak Mankad ,Indian ,All-Rounder , Lucknow Super Giants,"20,00,000 "
2023,Yash Thakur ,Indian ,Bowler , Lucknow Super Giants,"45,00,000 "
2023,Naveen Ul Haq ,Overseas ,Bowler , Lucknow Super Giants,"50,00,000 "
2023,Jaydev Unadkat ,Indian ,Bowler , Lucknow Super Giants,"50,00,000 "
2023,Jhye Richardson ,Overseas ,Bowler , Mumbai Indians,"1,50,00,000 "
2023,Nehal Wadhera ,Indian ,All-Rounder , Mumbai Indians,"20,00,000 "
2023,Raghav Goyal ,Indian ,Bowler , Mumbai Indians,"20,00,000 "
2023,Cameron Green ,Overseas ,All-Rounder , Mumbai Indians,"17,50,00,000 "
2023,Vishnu Vinod ,Indian ,Wicket-Keeper , Mumbai Indians,"20,00,000 "
2023,Duan Jansen ,Overseas ,All-Rounder , Mumbai Indians,"20,00,000 "
2023,Piyush Chawla ,Indian ,Bowler , Mumbai Indians,"50,00,000 "
2023,Shams Mulani ,Indian ,All-Rounder , Mumbai Indians,"20,00,000 "
2023,Harpreet Bhatia ,Indian ,Batter , Punjab Kings,"40,00,000 "
2023,Shivam Singh ,Indian ,All-Rounder , Punjab Kings,"20,00,000 "
2023,Vidwath Kaverappa ,Indian ,Bowler , Punjab Kings,"20,00,000 "
2023,Mohit Rathee ,Indian ,All-Rounder , Punjab Kings,"20,00,000 "
2023,Sam Curran ,Overseas ,All-Rounder , Punjab Kings,"18,50,00,000 "
2023,Sikandar Raza ,Overseas ,All-Rounder , Punjab Kings,"50,00,000 "
2023,Jason Holder ,Overseas ,All-Rounder , Rajasthan Royals,"5,75,00,000 "
2023,Adam Zampa ,Overseas ,Bowler , Rajasthan Royals,"1,50,00,000 "
2023,Abdul P A ,Indian ,All-Rounder , Rajasthan Royals,"20,00,000 "
2023,Akash Vashisht ,Indian ,All-Rounder , Rajasthan Royals,"20,00,000 "
2023,Donovan Ferreira ,Overseas ,Wicket-Keeper , Rajasthan Royals,"50,00,000 "
2023,Kunal Rathore ,Indian ,Wicket-Keeper , Rajasthan Royals,"20,00,000 "
2023,Joe Root ,Overseas ,Batter , Rajasthan Royals,"1,00,00,000 "
2023,Murugan Ashwin ,Indian ,Bowler , Rajasthan Royals,"20,00,000 "
2023,K.M. Asif ,Indian ,Bowler , Rajasthan Royals,"30,00,000 "
2023,Sonu Yadav ,Indian ,All-Rounder , Royal Challengers Bangalore,"20,00,000 "
2023,Himanshu Sharma ,Indian ,Bowler , Royal Challengers Bangalore,"20,00,000 "
2023,Avinash Singh ,Indian ,Bowler , Royal Challengers Bangalore,"60,00,000 "
2023,Manoj Bhandage ,Indian ,All-Rounder , Royal Challengers Bangalore,"20,00,000 "
2023,Will Jacks ,Overseas ,Batter , Royal Challengers Bangalore,"3,20,00,000 "
2023,Reece Topley ,Overseas ,Bowler , Royal Challengers Bangalore,"1,90,00,000 "
2023,Rajan Kumar ,Indian ,Bowler , Royal Challengers Bangalore,"70,00,000 "
2023,Sanvir Singh ,Indian ,All-Rounder , Sunrisers Hyderabad,"20,00,000 "
2023,Harry Brook ,Overseas ,Batter , Sunrisers Hyderabad,"13,25,00,000 "
2023,Heinrich Klaasen ,Overseas ,Wicket-Keeper , Sunrisers Hyderabad,"5,25,00,000 "
2023,Akeal Hosein ,Overseas ,Bowler , Sunrisers Hyderabad,"1,00,00,000 "
2023,Mayank Markande ,Indian ,Bowler , Sunrisers Hyderabad,"50,00,000 "
2023,Adil Rashid ,Overseas ,Bowler , Sunrisers Hyderabad,"2,00,00,000 "
2023,Anmolpreet Singh ,Indian ,Batter , Sunrisers Hyderabad,"20,00,000 "
2023,Vivrant Sharma ,Indian ,All-Rounder , Sunrisers Hyderabad,"2,60,00,000 "
2023,Samarth Vyas ,Indian ,All-Rounder , Sunrisers Hyderabad,"20,00,000 "
2023,Upendra Singh Yadav ,Indian ,Wicket-Keeper , Sunrisers Hyderabad,"25,00,000 "
2023,Nitish Kumar Reddy ,Indian ,Wicket-Keeper , Sunrisers Hyderabad,"20,00,000 "
2023,Mayank Agarwal ,Indian ,Batter , Sunrisers Hyderabad,"8,25,00,000 "
2023,Mayank Dagar ,Indian ,All-Rounder , Sunrisers Hyderabad,"1,80,00,000 "
2022,Robin Uthappa ,Indian ,Batsman , Chennai Super Kings,"2,00,00,000 "
2022,Dwayne Bravo ,Overseas ,All-Rounder , Chennai Super Kings,"4,40,00,000 "
2022,Ambati Rayudu ,Indian ,Wicket Keeper , Chennai Super Kings,"6,75,00,000 "
2022,Deepak Chahar ,Indian ,Bowler , Chennai Super Kings,"14,00,00,000 "
2022,C.Hari Nishaanth ,Indian ,Batsman , Chennai Super Kings,"20,00,000 "
2022,N. Jagadeesan ,Indian ,Wicket Keeper , Chennai Super Kings,"20,00,000 "
2022,K.M. Asif ,Indian ,Bowler , Chennai Super Kings,"20,00,000 "
2022,Tushar Deshpande ,Indian ,Bowler , Chennai Super Kings,"20,00,000 "
2022,Shivam Dube ,Indian ,All-Rounder , Chennai Super Kings,"4,00,00,000 "
2022,Chris Jordan ,Overseas ,All-Rounder , Chennai Super Kings,"3,60,00,000 "
2022,Maheesh Theekshana ,Overseas ,Bowler , Chennai Super Kings,"70,00,000 "
2022,Rajvardhan Hangargekar ,Indian ,All-Rounder , Chennai Super Kings,"1,50,00,000 "
2022,Simarjeet Singh ,Indian ,Bowler , Chennai Super Kings,"20,00,000 "
2022,Devon Conway ,Overseas ,Batsman , Chennai Super Kings,"1,00,00,000 "
2022,Dwaine Pretorius ,Overseas ,All-Rounder , Chennai Super Kings,"50,00,000 "
2022,Mitchell Santner ,Overseas ,All-Rounder , Chennai Super Kings,"1,90,00,000 "
2022,Adam Milne ,Overseas ,Bowler , Chennai Super Kings,"1,90,00,000 "
2022,Subhranshu Senapati ,Indian ,Batsman , Chennai Super Kings,"20,00,000 "
2022,Mukesh Choudhary ,Indian ,Bowler , Chennai Super Kings,"20,00,000 "
2022,Prashant Solanki ,Indian ,Bowler , Chennai Super Kings,"1,20,00,000 "
2022,K.Bhagath Varma ,Indian ,All-Rounder , Chennai Super Kings,"20,00,000 "
2022,David Warner ,Overseas ,Batsman , Delhi Capitals,"6,25,00,000 "
2022,Mitchell Marsh ,Overseas ,All-Rounder , Delhi Capitals,"6,50,00,000 "
2022,Mustafizur Rahman ,Overseas ,Bowler , Delhi Capitals,"2,00,00,000 "
2022,Shardul Thakur ,Indian ,Bowler , Delhi Capitals,"10,75,00,000 "
2022,Kuldeep Yadav ,Indian ,Bowler , Delhi Capitals,"2,00,00,000 "
2022,Ashwin Hebbar ,Indian ,Batsman , Delhi Capitals,"20,00,000 "
2022,Sarfaraz Khan ,Indian ,All-Rounder , Delhi Capitals,"20,00,000 "
2022,Kamlesh Nagarkoti ,Indian ,All-Rounder , Delhi Capitals,"1,10,00,000 "
2022,K.S. Bharat ,Indian ,Wicket Keeper , Delhi Capitals,"2,00,00,000 "
2022,Mandeep Singh ,Indian ,Batsman , Delhi Capitals,"1,10,00,000 "
2022,Syed Khaleel Ahmed ,Indian ,Bowler , Delhi Capitals,"5,25,00,000 "
2022,Lungisani Ngidi ,Overseas ,Bowler , Delhi Capitals,"50,00,000 "
2022,Chetan Sakariya ,Indian ,Bowler , Delhi Capitals,"4,20,00,000 "
2022,Yash Dhull ,Indian ,All-Rounder , Delhi Capitals,"50,00,000 "
2022,Vicky Ostwal ,Indian ,All-Rounder , Delhi Capitals,"20,00,000 "
2022,Ripal Patel ,Indian ,All-Rounder , Delhi Capitals,"20,00,000 "
2022,Lalit Yadav ,Indian ,All-Rounder , Delhi Capitals,"65,00,000 "
2022,Rovman Powell ,Overseas ,Batsman , Delhi Capitals,"2,80,00,000 "
2022,Tim Seifert ,Overseas ,Wicket Keeper , Delhi Capitals,"50,00,000 "
2022,Pravin Dubey ,Indian ,All-Rounder , Delhi Capitals,"50,00,000 "
2022,Mohammad Shami ,Indian ,Bowler , Gujarat Titans,"6,25,00,000 "
2022,David Miller ,Overseas ,Batsman , Gujarat Titans,"3,00,00,000 "
2022,Jason Roy  ,Overseas ,Batsman , Gujarat Titans,"2,00,00,000 "
2022,Wriddhiman  Saha ,Indian ,Wicket Keeper , Gujarat Titans,"1,90,00,000 "
2022,Matthew Wade ,Overseas ,Wicket Keeper , Gujarat Titans,"2,40,00,000 "
2022,Lockie Ferguson ,Overseas ,Bowler , Gujarat Titans,"10,00,00,000 "
2022,Abhinav Sadarangani ,Indian ,Batsman , Gujarat Titans,"2,60,00,000 "
2022,Rahul Tewatia ,Indian ,All-Rounder , Gujarat Titans,"9,00,00,000 "
2022,Noor  Ahmad ,Overseas ,Bowler , Gujarat Titans,"30,00,000 "
2022,R. Sai Kishore ,Indian ,Bowler , Gujarat Titans,"3,00,00,000 "
2022,Dominic Drakes ,Overseas ,All-Rounder , Gujarat Titans,"1,10,00,000 "
2022,Vijay Shankar ,Indian ,All-Rounder , Gujarat Titans,"1,40,00,000 "
2022,Jayant Yadav ,Indian ,All-Rounder , Gujarat Titans,"1,70,00,000 "
2022,Darshan Nalkande ,Indian ,All-Rounder , Gujarat Titans,"20,00,000 "
2022,Yash  Dayal ,Indian ,Bowler , Gujarat Titans,"3,20,00,000 "
2022,B. Sai Sudharsan ,Indian ,All-Rounder , Gujarat Titans,"20,00,000 "
2022,Gurkeerat Singh ,Indian ,All-Rounder , Gujarat Titans,"50,00,000 "
2022,Alzarri Joseph ,Overseas ,Bowler , Gujarat Titans,"2,40,00,000 "
2022,Varun Aaron ,Indian ,Bowler , Gujarat Titans,"50,00,000 "
2022,Pradeep Sangwan ,Indian ,All-Rounder , Gujarat Titans,"20,00,000 "
2022,Pat Cummins ,Overseas ,All-Rounder , Kolkata Knight Riders,"7,25,00,000 "
2022,Shreyas Iyer ,Indian ,Batsman , Kolkata Knight Riders,"12,25,00,000 "
2022,Mohammad  Nabi ,Overseas ,All-Rounder , Kolkata Knight Riders,"1,00,00,000 "
2022,Nitish Rana ,Indian ,All-Rounder , Kolkata Knight Riders,"8,00,00,000 "
2022,Sam Billings  ,Overseas ,Wicket Keeper , Kolkata Knight Riders,"2,00,00,000 "
2022,Umesh Yadav ,Indian ,Bowler , Kolkata Knight Riders,"2,00,00,000 "
2022,Shivam  Mavi ,Indian ,All-Rounder , Kolkata Knight Riders,"7,25,00,000 "
2022,Sheldon Jackson ,Indian ,Wicket Keeper , Kolkata Knight Riders,"60,00,000 "
2022,Ajinkya Rahane ,Indian ,Batsman , Kolkata Knight Riders,"1,00,00,000 "
2022,Rinku Singh ,Indian ,Batsman , Kolkata Knight Riders,"55,00,000 "
2022,Anukul Roy ,Indian ,All-Rounder , Kolkata Knight Riders,"20,00,000 "
2022,Alex Hales  ,Overseas ,Batsman , Kolkata Knight Riders,"1,50,00,000 "
2022,Rasikh Dar ,Indian ,Bowler , Kolkata Knight Riders,"20,00,000 "
2022,Tim Southee ,Overseas ,Bowler , Kolkata Knight Riders,"1,50,00,000 "
2022,Baba Indrajith ,Indian ,Wicket Keeper , Kolkata Knight Riders,"20,00,000 "
2022,Chamika Karunaratne ,Overseas ,All-Rounder , Kolkata Knight Riders,"50,00,000 "
2022,Abhijeet Tomar ,Indian ,Batsman , Kolkata Knight Riders,"40,00,000 "
2022,Aman Khan ,Indian ,All-Rounder , Kolkata Knight Riders,"20,00,000 "
2022,Ramesh Kumar ,Indian ,Batsman , Kolkata Knight Riders,"20,00,000 "
2022,Pratham Singh ,Indian ,Batsman , Kolkata Knight Riders,"20,00,000 "
2022,Ashok Sharma ,Indian ,Bowler , Kolkata Knight Riders,"55,00,000 "
2022,Quinton De Kock ,Overseas ,Wicket Keeper , Lucknow Super Giants,"6,75,00,000 "
2022,Manish Pandey ,Indian ,Batsman , Lucknow Super Giants,"4,60,00,000 "
2022,Krunal Pandya ,Indian ,All-Rounder , Lucknow Super Giants,"8,25,00,000 "
2022,Mark Wood ,Overseas ,Bowler , Lucknow Super Giants,"7,50,00,000 "
2022,Avesh Khan ,Indian ,Bowler , Lucknow Super Giants,"10,00,00,000 "
2022,Ankit Singh Rajpoot ,Indian ,Bowler , Lucknow Super Giants,"50,00,000 "
2022,K. Gowtham ,Indian ,All-Rounder , Lucknow Super Giants,"90,00,000 "
2022,Dushmanta Chameera ,Overseas ,Bowler , Lucknow Super Giants,"2,00,00,000 "
2022,Shahbaz Nadeem ,Indian ,Bowler , Lucknow Super Giants,"50,00,000 "
2022,Manan Vohra ,Indian ,Batsman , Lucknow Super Giants,"20,00,000 "
2022,Evin Lewis ,Overseas ,Batsman , Lucknow Super Giants,"2,00,00,000 "
2022,Mohsin Khan ,Indian ,Bowler , Lucknow Super Giants,"20,00,000 "
2022,Mayank Yadav ,Indian ,Bowler , Lucknow Super Giants,"20,00,000 "
2022,Ayush Badoni ,Indian ,All-Rounder , Lucknow Super Giants,"20,00,000 "
2022,Kyle Mayers ,Overseas ,All-Rounder , Lucknow Super Giants,"50,00,000 "
2022,Karan Sharma ,Indian ,All-Rounder , Lucknow Super Giants,"20,00,000 "
2022,Jason Holder ,Overseas ,All-Rounder , Lucknow Super Giants,"8,75,00,000 "
2022,Deepak Hooda ,Indian ,All-Rounder , Lucknow Super Giants,"5,75,00,000 "
2022,Ishan Kishan ,Indian ,Wicket Keeper , Mumbai Indians,"15,25,00,000 "
2022,Dewald Brevis ,Overseas ,Batsman , Mumbai Indians,"3,00,00,000 "
2022,Anmolpreet Singh ,Indian ,Batsman , Mumbai Indians,"20,00,000 "
2022,Basil Thampi ,Indian ,Bowler , Mumbai Indians,"30,00,000 "
2022,Murugan Ashwin ,Indian ,Bowler , Mumbai Indians,"1,60,00,000 "
2022,Jaydev Unadkat ,Indian ,Bowler , Mumbai Indians,"1,30,00,000 "
2022,Mayank Markande ,Indian ,Bowler , Mumbai Indians,"65,00,000 "
2022,N. Tilak Varma ,Indian ,All-Rounder , Mumbai Indians,"1,70,00,000 "
2022,Sanjay Yadav ,Indian ,All-Rounder , Mumbai Indians,"50,00,000 "
2022,Jofra Archer ,Overseas ,All-Rounder , Mumbai Indians,"8,00,00,000 "
2022,Daniel Sams ,Overseas ,All-Rounder , Mumbai Indians,"2,60,00,000 "
2022,Tymal Mills ,Overseas ,Bowler , Mumbai Indians,"1,50,00,000 "
2022,Tim David ,Overseas ,All-Rounder , Mumbai Indians,"8,25,00,000 "
2022,Ramandeep  Singh ,Indian ,All-Rounder , Mumbai Indians,"20,00,000 "
2022,Aryan Juyal ,Indian ,Wicket Keeper , Mumbai Indians,"20,00,000 "
2022,Fabian Allen ,Overseas ,All-Rounder , Mumbai Indians,"75,00,000 "
2022,Riley Meredith ,Overseas ,Bowler , Mumbai Indians,"1,00,00,000 "
2022,Rahul Buddhi ,Indian ,Batsman , Mumbai Indians,"20,00,000 "
2022,Hrithik Shokeen ,Indian ,All-Rounder , Mumbai Indians,"20,00,000 "
2022,Mohd. Arshad Khan ,Indian ,All-Rounder , Mumbai Indians,"20,00,000 "
2022,Arjun Tendulkar ,Indian ,All-Rounder , Mumbai Indians,"30,00,000 "
2022,Shikhar Dhawan ,Indian ,Batsman , Punjab Kings,"8,25,00,000 "
2022,Kagiso Rabada ,Overseas ,Bowler , Punjab Kings,"9,25,00,000 "
2022,Jonny Bairstow  ,Overseas ,Wicket Keeper , Punjab Kings,"6,75,00,000 "
2022,Rahul Chahar ,Indian ,Bowler , Punjab Kings,"5,25,00,000 "
2022,Harpreet  Brar ,Indian ,All-Rounder , Punjab Kings,"3,80,00,000 "
2022,Shahrukh Khan ,Indian ,All-Rounder , Punjab Kings,"9,00,00,000 "
2022,Jitesh Sharma ,Indian ,Wicket Keeper , Punjab Kings,"20,00,000 "
2022,Prabhsimran Singh ,Indian ,Wicket Keeper , Punjab Kings,"60,00,000 "
2022,Ishan Porel ,Indian ,Bowler , Punjab Kings,"25,00,000 "
2022,Liam Livingstone ,Overseas ,All-Rounder , Punjab Kings,"11,50,00,000 "
2022,Odean Smith ,Overseas ,All-Rounder , Punjab Kings,"6,00,00,000 "
2022,Sandeep Sharma ,Indian ,Bowler , Punjab Kings,"50,00,000 "
2022,Raj Angad Bawa ,Indian ,All-Rounder , Punjab Kings,"2,00,00,000 "
2022,Rishi Dhawan ,Indian ,All-Rounder , Punjab Kings,"55,00,000 "
2022,Nathan Ellis ,Overseas ,Bowler , Punjab Kings,"75,00,000 "
2022,Prerak Mankad ,Indian ,All-Rounder , Punjab Kings,"20,00,000 "
2022,Atharva Taide ,Indian ,All-Rounder , Punjab Kings,"20,00,000 "
2022,Vaibhav Arora ,Indian ,Bowler , Punjab Kings,"2,00,00,000 "
2022,Bhanuka Rajapaksa ,Overseas ,Batsman , Punjab Kings,"50,00,000 "
2022,Benny Howell ,Overseas ,All-Rounder , Punjab Kings,"40,00,000 "
2022,Writtick Chatterjee ,Indian ,All-Rounder , Punjab Kings,"20,00,000 "
2022,Baltej Dhanda ,Indian ,Bowler , Punjab Kings,"20,00,000 "
2022,Ansh Patel ,Indian ,All-Rounder , Punjab Kings,"20,00,000 "
2022,R. Ashwin ,Indian ,All-Rounder , Rajasthan Royals,"5,00,00,000 "
2022,Trent Boult ,Overseas ,Bowler , Rajasthan Royals,"8,00,00,000 "
2022,Shimron Hetmyer ,Overseas ,Batsman , Rajasthan Royals,"8,50,00,000 "
2022,Devdutt Padikkal ,Indian ,Batsman , Rajasthan Royals,"7,75,00,000 "
2022,Prasidh Krishna ,Indian ,Bowler , Rajasthan Royals,"10,00,00,000 "
2022,Yuzvendra Chahal ,Indian ,Bowler , Rajasthan Royals,"6,50,00,000 "
2022,Riyan Parag ,Indian ,All-Rounder , Rajasthan Royals,"3,80,00,000 "
2022,K.C. Cariappa ,Indian ,Bowler , Rajasthan Royals,"30,00,000 "
2022,James Neesham ,Overseas ,All-Rounder , Rajasthan Royals,"1,50,00,000 "
2022,Nathan Coulter-Nile ,Overseas ,Bowler , Rajasthan Royals,"2,00,00,000 "
2022,Navdeep Saini ,Indian ,Bowler , Rajasthan Royals,"2,60,00,000 "
2022,Kuldeep  Sen ,Indian ,Bowler , Rajasthan Royals,"20,00,000 "
2022,Karun Nair ,Indian ,Batsman , Rajasthan Royals,"1,40,00,000 "
2022,Rassie Van Der Dussen ,Overseas ,Batsman , Rajasthan Royals,"1,00,00,000 "
2022,Daryl Mitchell ,Overseas ,All-Rounder , Rajasthan Royals,"75,00,000 "
2022,Obed Mccoy ,Overseas ,Bowler , Rajasthan Royals,"75,00,000 "
2022,Dhruv Jurel ,Indian ,Wicket Keeper , Rajasthan Royals,"20,00,000 "
2022,Tejas Baroka ,Indian ,Bowler , Rajasthan Royals,"20,00,000 "
2022,Kuldip Yadav ,Indian ,Bowler , Rajasthan Royals,"20,00,000 "
2022,Shubham Garhwal ,Indian ,All-Rounder , Rajasthan Royals,"20,00,000 "
2022,Anunay Singh ,Indian ,All-Rounder , Rajasthan Royals,"20,00,000 "
2022,Faf Du Plessis ,Overseas ,Batsman , Royal Challengers Bangalore,"7,00,00,000 "
2022,Wanindu Hasaranga ,Overseas ,All-Rounder , Royal Challengers Bangalore,"10,75,00,000 "
2022,Harshal Patel ,Indian ,All-Rounder , Royal Challengers Bangalore,"10,75,00,000 "
2022,Dinesh Karthik ,Indian ,Wicket Keeper , Royal Challengers Bangalore,"5,50,00,000 "
2022,Josh Hazlewood  ,Overseas ,Bowler , Royal Challengers Bangalore,"7,75,00,000 "
2022,Shahbaz Ahamad ,Indian ,All-Rounder , Royal Challengers Bangalore,"2,40,00,000 "
2022,Anuj Rawat ,Indian ,Wicket Keeper , Royal Challengers Bangalore,"3,40,00,000 "
2022,Akash  Deep  ,Indian ,Bowler , Royal Challengers Bangalore,"20,00,000 "
2022,Karn Sharma ,Indian ,Bowler , Royal Challengers Bangalore,"50,00,000 "
2022,Mahipal Lomror ,Indian ,All-Rounder , Royal Challengers Bangalore,"95,00,000 "
2022,Finn Allen ,Overseas ,Batsman , Royal Challengers Bangalore,"80,00,000 "
2022,Sherfane Rutherford ,Overseas ,All-Rounder , Royal Challengers Bangalore,"1,00,00,000 "
2022,Jason Behrendorff ,Overseas ,Bowler , Royal Challengers Bangalore,"75,00,000 "
2022,Siddharth  Kaul ,Indian ,Bowler , Royal Challengers Bangalore,"75,00,000 "
2022,Suyash Prabhudessai ,Indian ,All-Rounder , Royal Challengers Bangalore,"30,00,000 "
2022,Luvnith Sisodia ,Indian ,Wicket Keeper , Royal Challengers Bangalore,"20,00,000 "
2022,Chama Milind ,Indian ,Bowler , Royal Challengers Bangalore,"25,00,000 "
2022,Aneeshwar Gautam ,Indian ,All-Rounder , Royal Challengers Bangalore,"20,00,000 "
2022,David Willey  ,Overseas ,All-Rounder , Royal Challengers Bangalore,"2,00,00,000 "
2022,Washington Sundar ,Indian ,All-Rounder , Sunrisers Hyderabad,"8,75,00,000 "
2022,Nicholas Pooran ,Overseas ,Wicket Keeper , Sunrisers Hyderabad,"10,75,00,000 "
2022,Bhuvneshwar Kumar ,Indian ,Bowler , Sunrisers Hyderabad,"4,20,00,000 "
2022,T. Natarajan ,Indian ,Bowler , Sunrisers Hyderabad,"4,00,00,000 "
2022,Priyam  Garg ,Indian ,Batsman , Sunrisers Hyderabad,"20,00,000 "
2022,Rahul Tripathi ,Indian ,Batsman , Sunrisers Hyderabad,"8,50,00,000 "
2022,Abhishek Sharma ,Indian ,All-Rounder , Sunrisers Hyderabad,"6,50,00,000 "
2022,Vishnu Vinod ,Indian ,Wicket Keeper , Sunrisers Hyderabad,"50,00,000 "
2022,Kartik Tyagi ,Indian ,Bowler , Sunrisers Hyderabad,"4,00,00,000 "
2022,Shreyas Gopal ,Indian ,Bowler , Sunrisers Hyderabad,"75,00,000 "
2022,Jagadeesha Suchith ,Indian ,Bowler , Sunrisers Hyderabad,"20,00,000 "
2022,Aiden Markram ,Overseas ,Batsman , Sunrisers Hyderabad,"2,60,00,000 "
2022,Marco Jansen ,Overseas ,All-Rounder , Sunrisers Hyderabad,"4,20,00,000 "
2022,Romario Shepherd ,Overseas ,All-Rounder , Sunrisers Hyderabad,"7,75,00,000 "
2022,Glenn Phillips ,Overseas ,Wicket Keeper , Sunrisers Hyderabad,"1,50,00,000 "
2022,Fazalhaq Farooqi ,Overseas ,Bowler , Sunrisers Hyderabad,"50,00,000 "
2022,Sean Abbott ,Overseas ,Bowler , Sunrisers Hyderabad,"2,40,00,000 "
2022,R Samarth ,Indian ,Batsman , Sunrisers Hyderabad,"20,00,000 "
2022,Shashank Singh ,Indian ,All-Rounder , Sunrisers Hyderabad,"20,00,000 "
2022,Saurabh Dubey ,Indian ,Bowler , Sunrisers Hyderabad,"20,00,000 "
2021,Tom Curran ,Not Available,All-Rounder , Delhi Capitals,"5,25,00,000"
2021,Steven Smith ,Not Available,Batsman , Delhi Capitals,"2,20,00,000"
2021,Sam Billings ,Overseas ,Wicket Keeper , Delhi Capitals,"2,00,00,000"
2021,Umesh Yadav ,Indian ,Bowler , Delhi Capitals,"1,00,00,000"
2021,Ripal Patel ,Indian ,All-Rounder , Delhi Capitals,"20,00,000"
2021,Vishnu Vinod ,Indian ,Wicket Keeper , Delhi Capitals,"20,00,000"
2021,Lukman Hussain Meriwala ,Not Available,Bowler , Delhi Capitals,"20,00,000"
2021,M Siddharth ,Not Available,Bowler , Delhi Capitals,"20,00,000"
2021,Shakib Al Hasan ,Overseas ,All-Rounder , Kolkata Knight Riders,"3,20,00,000"
2021,Harbhajan Singh ,Not Available,Bowler , Kolkata Knight Riders,"2,00,00,000"
2021,Ben Cutting ,Not Available,All-Rounder , Kolkata Knight Riders,"75,00,000"
2021,Karun Nair ,Indian ,Batsman , Kolkata Knight Riders,"50,00,000"
2021,Pawan Negi ,Not Available,All-Rounder , Kolkata Knight Riders,"50,00,000"
2021,Venkatesh Iyer ,Not Available,All-Rounder , Kolkata Knight Riders,"20,00,000"
2021,Sheldon Jackson ,Indian ,Wicket Keeper , Kolkata Knight Riders,"20,00,000"
2021,Vaibhav Arora ,Indian ,Bowler , Kolkata Knight Riders,"20,00,000"
2021,Nathan Coulter-Nile ,Overseas ,Bowler , Mumbai Indians,"5,00,00,000"
2021,Adam Milne ,Overseas ,Bowler , Mumbai Indians,"3,20,00,000"
2021,Piyush Chawla ,Indian ,Bowler , Mumbai Indians,"2,40,00,000"
2021,James Neesham ,Overseas ,All-Rounder , Mumbai Indians,"50,00,000"
2021,Yudhvir Charak ,Not Available,All-Rounder , Mumbai Indians,"20,00,000"
2021,Marco Jansen ,Overseas ,All-Rounder , Mumbai Indians,"20,00,000"
2021,Arjun Tendulkar ,Indian ,All-Rounder , Mumbai Indians," 20,00,000"
2021,Jhye Richardson ,Overseas ,Bowler , Punjab Kings,"14,00,00,000"
2021,Riley Meredith ,Overseas ,Bowler , Punjab Kings,"8,00,00,000"
2021,Shahrukh Khan ,Not Available,All-Rounder , Punjab Kings,"5,25,00,000"
2021,Moises Henriques ,Not Available,All-Rounder , Punjab Kings,"4,20,00,000"
2021,Dawid Malan ,Not Available,All-Rounder , Punjab Kings,"1,50,00,000"
2021,Fabian Allen ,Not Available, All-Rounder , Punjab Kings,"75,00,000"
2021,Jalaj Saxena ,Not Available,All-Rounder , Punjab Kings,"30,00,000"
2021,Saurabh Kumar ,Not Available,All-Rounder , Punjab Kings,"20,00,000"
2021,Utkarsh Singh ,Not Available,All-Rounder , Punjab Kings,"20,00,000"
2021,Christopher Morris ,Not Available,All-Rounder , Rajasthan Royals,"16,25,00,000"
2021,Shivam Dube ,Indian ,All-Rounder , Rajasthan Royals,"4,40,00,000"
2021,Chetan Sakariya ,Indian ,Bowler , Rajasthan Royals,"1,20,00,000"
2021,Mustafizur Rahman ,Overseas ,Bowler , Rajasthan Royals,"1,00,00,000"
2021,Liam Livingstone ,Overseas ,All-Rounder , Rajasthan Royals,"75,00,000"
2021,K.C. Cariappa ,Indian ,Bowler , Rajasthan Royals,"20,00,000"
2021,Akash Singh ,Not Available,Bowler, Rajasthan Royals,"20,00,000"
2021,Kuldip Yadav ,Indian , Bowler , Rajasthan Royals," 20,00,000"
2021,Kyle Jamieson ,Overseas ,All-Rounder , Royal Challengers Bangalore,"15,00,00,000"
2021,Glenn Maxwell ,Not Available,All-Rounder , Royal Challengers Bangalore,"14,25,00,000"
2021,Dan Christian ,Not Available,All-Rounder , Royal Challengers Bangalore,"4,80,00,000"
2021,Sachin Baby ,Not Available,Batsman , Royal Challengers Bangalore,"20,00,000"
2021,Rajat Patidar ,Not Available,Batsman , Royal Challengers Bangalore,"20,00,000"
2021,Mohammed Azharudeen ,Not Available,Wicket Keeper , Royal Challengers Bangalore,"20,00,000"
2021,Suyash Prabhudesaai ,Indian ,All-Rounder , Royal Challengers Bangalore,"20,00,000"
2021,Kona Srikar Bharat ,Not Available, Wicket Keeper, Royal Challengers Bangalore," 20,00,000"
2021,Kedar Jadhav ,Not Available,All-Rounder , Sunrisers Hyderabad,"2,00,00,000"
2021,Mujeeb Zadran ,Not Available,Bowler , Sunrisers Hyderabad,"1,50,00,000"
2021,J Suchith ,Indian ,Bowler , Sunrisers Hyderabad,"30,00,000"
2020,Shimron Hetmyer,Overseas ,Batsman, Delhi Capitals,"7,75,00,000"
2020,Marcus Stoinis,Not Available,All-Rounder, Delhi Capitals,"4,80,00,000"
2020,Alex Carey,Not Available,Wicket Keeper, Delhi Capitals,"2,40,00,000"
2020,Jason Roy,Overseas ,Batsman, Delhi Capitals,"1,50,00,000"
2020,Chris Woakes,Not Available,All-Rounder, Delhi Capitals,"1,50,00,000"
2020,Mohit Sharma,Indian ,Bowler, Delhi Capitals,"50,00,000"
2020,Tushar Deshpande,Indian ,Bowler, Delhi Capitals,"20,00,000"
2020,Lalit Yadav,Indian ,All-Rounder, Delhi Capitals,"20,00,000"
2020,Glenn Maxwell,Not Available,All-Rounder, Kings XI Punjab,"10,75,00,000"
2020,Sheldon Cottrell,Not Available,Bowler, Kings XI Punjab,"8,50,00,000"
2020,Chris Jordan,Overseas ,All-Rounder, Kings XI Punjab,"3,00,00,000"
2020,Ravi Bishnoi,Not Available,Bowler, Kings XI Punjab,"2,00,00,000"
2020,Prabhsimran Singh,Indian ,Wicket Keeper, Kings XI Punjab,"55,00,000"
2020,Deepak Hooda,Indian ,All-Rounder, Kings XI Punjab,"50,00,000"
2020,James Neesham,Overseas ,All-Rounder, Kings XI Punjab,"50,00,000"
2020,Tajinder Dhillon,Not Available,All-Rounder, Kings XI Punjab,"20,00,000"
2020,Ishan Porel,Indian ,Bowler, Kings XI Punjab,"20,00,000"
2020,Pat Cummins,Overseas ,All-Rounder, Kolkata Knight Riders,"15,50,00,000"
2020,Eoin Morgan,Not Available,Batsman, Kolkata Knight Riders,"5,25,00,000"
2020,Varun Chakaravarthy,Not Available,All-Rounder, Kolkata Knight Riders,"4,00,00,000"
2020,Tom Banton,Not Available,Batsman, Kolkata Knight Riders,"1,00,00,000"
2020,Rahul Tripathi,Indian ,Batsman, Kolkata Knight Riders,"60,00,000"
2020,Chris Green,Not Available,All-Rounder, Kolkata Knight Riders,"20,00,000"
2020,Nikhil Shankar Naik,Indian ,Wicket Keeper, Kolkata Knight Riders,"20,00,000"
2020,Pravin Tambe,Indian ,Bowler, Kolkata Knight Riders,"20,00,000"
2020,M Siddharth,Not Available,Bowler, Kolkata Knight Riders,"20,00,000"
2020,Nathan Coulter-Nile,Overseas ,Bowler, Mumbai Indians,"8,00,00,000"
2020,Chris Lynn,Not Available,Batsman, Mumbai Indians,"2,00,00,000"
2020,Saurabh Tiwary,Not Available,Batsman, Mumbai Indians,"50,00,000"
2020,Digvijay Deshmukh,Not Available,All-Rounder, Mumbai Indians,"20,00,000"
2020,Prince Balwant Rai Singh,Not Available,All-Rounder, Mumbai Indians,"20,00,000"
2020,Mohsin Khan,Indian ,Bowler, Mumbai Indians,"20,00,000"
2020,Robin Uthappa,Indian ,Batsman, Rajasthan Royals,"3,00,00,000"
2020,Jaydev Unadkat,Indian ,Bowler, Rajasthan Royals,"3,00,00,000"
2020,Yashasvi Jaiswal,Not Available,All-Rounder, Rajasthan Royals,"2,40,00,000"
2020,Kartik Tyagi,Indian ,Bowler, Rajasthan Royals,"1,30,00,000"
2020,Tom Curran,Not Available,All-Rounder, Rajasthan Royals,"1,00,00,000"
2020,Andrew Tye,Not Available,Bowler, Rajasthan Royals,"1,00,00,000"
2020,Anuj Rawat,Indian ,Wicket Keeper, Rajasthan Royals,"80,00,000"
2020,David Miller,Overseas ,Batsman, Rajasthan Royals,"75,00,000"
2020,Oshane Thomas ,Not Available,Bowler, Rajasthan Royals,"50,00,000"
2020,Anirudha Ashok Joshi,Not Available,All-Rounder, Rajasthan Royals,"20,00,000"
2020,Akash Singh,Not Available,Bowler, Rajasthan Royals,"20,00,000"
2020,Christopher Morris,Not Available,All-Rounder, Royal Challengers Bangalore,"10,00,00,000"
2020,Aaron Finch,Not Available,Batsman, Royal Challengers Bangalore,"4,40,00,000"
2020,Kane Richardson,Not Available,Bowler, Royal Challengers Bangalore,"4,00,00,000"
2020,Dale Steyn,Not Available,Bowler, Royal Challengers Bangalore,"2,00,00,000"
2020,Isuru Udana,Not Available,All-Rounder, Royal Challengers Bangalore,"50,00,000"
2020,Shahbaz Ahamad,Indian ,Wicket Keeper, Royal Challengers Bangalore,"20,00,000"
2020,Joshua Philippe,Not Available,Wicket Keeper, Royal Challengers Bangalore,"20,00,000"
2020,Pavan Deshpande,Not Available,All-Rounder, Royal Challengers Bangalore,"20,00,000"
2020,Mitchell Marsh,Overseas ,All-Rounder, Sunrisers Hyderabad,"2,00,00,000"
2020,Priyam Garg,Indian ,Batsman, Sunrisers Hyderabad,"1,90,00,000"
2020,Virat Singh,Not Available,Batsman, Sunrisers Hyderabad,"1,90,00,000"
2020,Fabian Allen,Not Available,All-Rounder, Sunrisers Hyderabad,"50,00,000"
2020,Sandeep Bavanaka,Not Available,All-Rounder, Sunrisers Hyderabad,"20,00,000"
2020,Sanjay Yadav,Indian ,All-Rounder, Sunrisers Hyderabad,"20,00,000"
2020,Abdul Samad,Not Available,All-Rounder, Sunrisers Hyderabad,"20,00,000"
2019,Colin Ingram,Not Available,Batsman, Delhi Capitals,"6,40,00,000"
2019,Axar Rajesh Patel,Not Available,All-Rounder, Delhi Capitals,"5,00,00,000"
2019,Hanuma Vihari,Not Available,Batsman, Delhi Capitals,"2,00,00,000"
2019,Sherfane Rutherford,Overseas ,All-Rounder, Delhi Capitals,"2,00,00,000"
2019,Ishant Sharma,Indian ,Bowler, Delhi Capitals,"1,10,00,000"
2019,Keemo Paul,Not Available,All-Rounder, Delhi Capitals,"50,00,000"
2019,Jalaj Saxena,Not Available,All-Rounder, Delhi Capitals,"20,00,000"
2019,Ankush Bains,Not Available,Wicket Keeper, Delhi Capitals,"20,00,000"
2019,Nathu Singh,Not Available,Bowler, Delhi Capitals,"20,00,000"
2019,Bandaru Ayyappa,Not Available,Bowler, Delhi Capitals,"20,00,000"
2019,Varun Chakaravarthy,Not Available,All-Rounder,Kings XI Punjab,"8,40,00,000"
2019,Sam Curran,Overseas ,All-Rounder,Kings XI Punjab,"7,20,00,000"
2019,Mohammad Shami,Indian ,Bowler,Kings XI Punjab,"4,80,00,000"
2019,Prabhsimran Singh,Indian ,Wicket Keeper,Kings XI Punjab,"4,80,00,000"
2019,Nicholas Pooran,Overseas ,Wicket Keeper,Kings XI Punjab,"4,20,00,000"
2019,Moises Henriques,Not Available,All-Rounder,Kings XI Punjab,"1,00,00,000"
2019,Hardus Viljoen,Not Available,Bowler,Kings XI Punjab,"75,00,000"
2019,Darshan Nalkande,Indian ,All-Rounder,Kings XI Punjab,"30,00,000"
2019,Sarfaraz Naushad Khan,Not Available,All-Rounder,Kings XI Punjab,"25,00,000"
2019,Arshdeep Singh ,Not Available,Bowler,Kings XI Punjab,"20,00,000"
2019,Agnivesh Ayachi,Not Available,All-Rounder,Kings XI Punjab,"20,00,000"
2019,Harpreet Brar,Indian ,All-Rounder,Kings XI Punjab,"20,00,000"
2019,M. Ashwin,Not Available,Bowler,Kings XI Punjab,"20,00,000"
2019,Carlos Brathwaite,Not Available,All-Rounder, Kolkata Knight Riders,"5,00,00,000"
2019,Lockie Ferguson ,Overseas ,Bowler, Kolkata Knight Riders,"1,60,00,000"
2019,Joe Denly ,Not Available,Batsman, Kolkata Knight Riders,"1,00,00,000"
2019,Harry Gurney,Not Available,Bowler, Kolkata Knight Riders,"75,00,000"
2019,Nikhil Shankar Naik,Indian ,Wicket Keeper, Kolkata Knight Riders,"20,00,000"
2019,Shrikant Mundhe,Not Available,All-Rounder, Kolkata Knight Riders,"20,00,000"
2019,Prithvi Raj Yarra,Not Available,Bowler, Kolkata Knight Riders,"20,00,000"
2019,Anrich Nortje,Not Available,Bowler, Kolkata Knight Riders,"20,00,000"
2019,Barinder Singh Sran,Not Available,Bowler, Mumbai Indians,"3,40,00,000"
2019,Lasith Malinga,Not Available,Bowler, Mumbai Indians,"2,00,00,000"
2019,Yuvraj Singh,Indian ,All-Rounder, Mumbai Indians,"1,00,00,000"
2019,Anmolpreet Singh,Indian ,Batsman, Mumbai Indians,"80,00,000"
2019,Pankaj Jaswal,Not Available,All-Rounder, Mumbai Indians,"20,00,000"
2019,Rasikh Dar,Indian ,Bowler, Mumbai Indians,"20,00,000"
2019,Jaydev Unadkat,Indian ,Bowler, Rajasthan Royals,"8,40,00,000"
2019,Varun Aaron,Indian ,Bowler, Rajasthan Royals,"2,40,00,000"
2019,Oshane Thomas ,Not Available,Bowler, Rajasthan Royals,"1,10,00,000"
2019,Ashton Turner,Not Available,All-Rounder, Rajasthan Royals,"50,00,000"
2019,Liam Livingstone,Overseas ,All-Rounder, Rajasthan Royals,"50,00,000"
2019,Shashank Singh,Indian ,All-Rounder, Rajasthan Royals,"30,00,000"
2019,Riyan Parag,Indian ,All-Rounder, Rajasthan Royals,"20,00,000"
2019,Manan Vohra,Indian ,Batsman, Rajasthan Royals,"20,00,000"
2019,Shubham Ranjane,Not Available,All-Rounder, Rajasthan Royals,"20,00,000"
2019,Shivam Dube,Indian ,All-Rounder, Royal Challengers Bangalore,"5,00,00,000"
2019,Shimron Hetmyer,Overseas ,Batsman, Royal Challengers Bangalore,"4,20,00,000"
2019,Akshdeep Nath,Not Available,All-Rounder, Royal Challengers Bangalore,"3,60,00,000"
2019,Prayas Ray Barman,Not Available,All-Rounder, Royal Challengers Bangalore,"1,50,00,000"
2019,Himmat Singh,Not Available,Batsman, Royal Challengers Bangalore,"65,00,000"
2019,Gurkeerat Singh Mann,Indian ,All-Rounder, Royal Challengers Bangalore,"50,00,000"
2019,Heinrich Klaasen,Overseas ,Wicket Keeper, Royal Challengers Bangalore,"50,00,000"
2019,Devdutt Padikkal,Indian ,Batsman, Royal Challengers Bangalore,"20,00,000"
2019,Milind Kumar,Not Available,All-Rounder, Royal Challengers Bangalore,"20,00,000"
2019,Jonny Bairstow ,Overseas ,Wicket Keeper, Sunrisers Hyderabad,"2,20,00,000"
2019,Wriddhiman Saha,Indian ,Wicket Keeper, Sunrisers Hyderabad,"1,20,00,000"
2019,Martin Guptill,Not Available,Batsman, Sunrisers Hyderabad,"1,00,00,000"
2018,Glenn Maxwell,Not Available,All-Rounder,Delhi Daredevils,"9,00,00,000"
2018,Kagiso Rabada,Overseas ,Bowler,Delhi Daredevils,"4,20,00,000"
2018,Amit Mishra,Indian ,Bowler,Delhi Daredevils,"4,00,00,000"
2018,Shahbaz Nadeem,Indian ,Bowler,Delhi Daredevils,"3,20,00,000"
2018,Vijay Shankar,Indian ,All-Rounder,Delhi Daredevils,"3,20,00,000"
2018,Rahul Tewatia,Indian ,All-Rounder,Delhi Daredevils,"3,00,00,000"
2018,Mohammad Shami,Indian ,Bowler,Delhi Daredevils,"3,00,00,000"
2018,Gautam Gambhir,Not Available,Batsman,Delhi Daredevils,"2,80,00,000"
2018,Trent Boult,Overseas ,Bowler,Delhi Daredevils,"2,20,00,000"
2018,Colin Munro,Not Available,All-Rounder,Delhi Daredevils,"1,90,00,000"
2018,Daniel Christian,Not Available,All-Rounder,Delhi Daredevils,"1,50,00,000"
2018,Jason Roy,Overseas ,Batsman,Delhi Daredevils,"1,50,00,000"
2018,Naman Ojha,Not Available,Wicket Keeper,Delhi Daredevils,"1,40,00,000"
2018,Prithvi Shaw,Not Available,Batsman,Delhi Daredevils,"1,20,00,000"
2018,Gurkeerat Singh Mann,Indian ,All-Rounder,Delhi Daredevils,"75,00,000"
2018,Avesh Khan,Indian ,Bowler,Delhi Daredevils,"70,00,000"
2018,Abhishek Sharma,Not Available,All-Rounder,Delhi Daredevils,"55,00,000"
2018,Jayant Yadav,Indian ,All-Rounder,Delhi Daredevils,"50,00,000"
2018,Harshal Patel,Indian ,All-Rounder,Delhi Daredevils,"20,00,000"
2018,Manjot Kalra,Not Available,Batsman,Delhi Daredevils,"20,00,000"
2018,Sandeep Lamichhane,Not Available,Bowler,Delhi Daredevils,"20,00,000"
2018,Sayan Ghosh,Not Available,Bowler,Delhi Daredevils,"20,00,000"
2018,KL Rahul,Not Available,Batsman,Kings XI Punjab,"11,00,00,000"
2018,Ravichandran Ashwin,Not Available,All-Rounder,Kings XI Punjab,"7,60,00,000"
2018,Andrew Tye,Not Available,Bowler,Kings XI Punjab,"7,20,00,000"
2018,Aaron Finch,Not Available,Batsman,Kings XI Punjab,"6,20,00,000"
2018,Marcus Stoinis,Not Available,All-Rounder,Kings XI Punjab,"6,20,00,000"
2018,Karun Nair,Indian ,Batsman,Kings XI Punjab,"5,60,00,000"
2018,Mujeeb Zadran,Not Available,Bowler,Kings XI Punjab,"4,00,00,000"
2018,Ankit Singh Rajpoot,Indian ,Bowler,Kings XI Punjab,"3,00,00,000"
2018,David Miller,Overseas ,Batsman,Kings XI Punjab,"3,00,00,000"
2018,Mohit Sharma,Indian ,Bowler,Kings XI Punjab,"2,40,00,000"
2018,Barinder Singh Sran,Not Available,Bowler,Kings XI Punjab,"2,20,00,000"
2018,Yuvraj Singh,Indian ,All-Rounder,Kings XI Punjab,"2,00,00,000"
2018,Christopher Gayle,Not Available,Batsman,Kings XI Punjab,"2,00,00,000"
2018,Ben Dwarshuis,Not Available,Bowler,Kings XI Punjab,"1,40,00,000"
2018,Akshdeep Nath,Not Available,All-Rounder,Kings XI Punjab,"1,00,00,000"
2018,Manoj Tiwary,Indian ,Batsman,Kings XI Punjab,"1,00,00,000"
2018,Mayank Agarwal,Indian ,Batsman,Kings XI Punjab,"1,00,00,000"
2018,Manzoor Dar,Not Available,All-Rounder,Kings XI Punjab,"20,00,000"
2018,Pardeep Sahu,Not Available,Bowler,Kings XI Punjab,"20,00,000"
2018,Mayank Dagar,Indian ,All-Rounder,Kings XI Punjab,"20,00,000"
2018,Chris Lynn,Not Available,Batsman, Kolkata Knight Riders,"9,60,00,000"
2018,Mitchell Starc,Not Available,Bowler, Kolkata Knight Riders,"9,40,00,000"
2018,Dinesh Karthik,Indian ,Wicket Keeper, Kolkata Knight Riders,"7,40,00,000"
2018,Robin Uthappa,Indian ,Wicket Keeper, Kolkata Knight Riders,"6,40,00,000"
2018,Kuldeep Singh Yadav,Indian ,Bowler, Kolkata Knight Riders,"5,80,00,000"
2018,Piyush Chawla,Indian ,Bowler, Kolkata Knight Riders,"4,20,00,000"
2018,Nitish Rana,Indian ,All-Rounder, Kolkata Knight Riders,"3,40,00,000"
2018,Kamlesh Nagarkoti,Indian ,All-Rounder, Kolkata Knight Riders,"3,20,00,000"
2018,Shivam Mavi,Indian ,All-Rounder, Kolkata Knight Riders,"3,00,00,000"
2018,Mitchell Johnson,Not Available,Bowler, Kolkata Knight Riders,"2,00,00,000"
2018,Shubman Gill,Not Available,Batsman, Kolkata Knight Riders,"1,80,00,000"
2018,Ranganath Vinay Kumar,Not Available,Bowler, Kolkata Knight Riders,"1,00,00,000"
2018,Rinku Singh,Indian ,Batsman, Kolkata Knight Riders,"80,00,000"
2018,Cameron Delport,Not Available,All-Rounder, Kolkata Knight Riders,"30,00,000"
2018,Javon Searless,Not Available,All-Rounder, Kolkata Knight Riders,"30,00,000"
2018,Apoorv Vijay Wankhade,Not Available,Batsman, Kolkata Knight Riders,"20,00,000"
2018,Ishank Jaggi,Not Available,Batsman, Kolkata Knight Riders,"20,00,000"
2018,Krunal Pandya,Indian ,All-Rounder, Mumbai Indians,"8,80,00,000"
2018,Ishan Kishan,Indian ,Wicket Keeper, Mumbai Indians,"6,20,00,000"
2018,Kieron Pollard,Not Available,All-Rounder, Mumbai Indians,"5,40,00,000"
2018,Pat Cummins,Overseas ,Bowler, Mumbai Indians,"5,40,00,000"
2018,Evin Lewis,Overseas ,Batsman, Mumbai Indians,"3,80,00,000"
2018,Suryakumar Yadav,Not Available,Batsman, Mumbai Indians,"3,20,00,000"
2018,Ben Cutting,Not Available,All-Rounder, Mumbai Indians,"2,20,00,000"
2018,Mustafizur Rahman,Overseas ,Bowler, Mumbai Indians,"2,20,00,000"
2018,Rahul Chahar,Indian ,Bowler, Mumbai Indians,"1,90,00,000"
2018,Pradeep Sangwan,Indian ,Bowler, Mumbai Indians,"1,50,00,000"
2018,Jason Behrendorff,Overseas ,Bowler, Mumbai Indians,"1,50,00,000"
2018,Jean-Paul Duminy,Not Available,All-Rounder, Mumbai Indians,"1,00,00,000"
2018,Saurabh Tiwary,Not Available,Batsman, Mumbai Indians,"80,00,000"
2018,Tajinder Dhillon,Not Available,All-Rounder, Mumbai Indians,"55,00,000"
2018,Akila Dhananjaya,Not Available,Bowler, Mumbai Indians,"50,00,000"
2018,Nidheesh M D Dinesan,Not Available,Bowler, Mumbai Indians,"20,00,000"
2018,Aditya Tare,Not Available,Wicket Keeper, Mumbai Indians,"20,00,000"
2018,Siddhesh Dinesh Lad,Indian ,Batsman, Mumbai Indians,"20,00,000"
2018,Mayank Markande,Indian ,Bowler, Mumbai Indians,"20,00,000"
2018,Sharad Lumba ,Not Available,Batsman, Mumbai Indians,"20,00,000"
2018,Anukul Roy,Indian ,All-Rounder, Mumbai Indians,"20,00,000"
2018,Mohsin Khan,Indian ,Bowler, Mumbai Indians,"20,00,000"
2018,Benjamin Stokes,Not Available,All-Rounder, Rajasthan Royals,"12,50,00,000"
2018,Jaydev Unadkat,Indian ,Bowler, Rajasthan Royals,"11,50,00,000"
2018,Sanju Samson,Not Available,Wicket Keeper, Rajasthan Royals,"8,00,00,000"
2018,Jofra Archer,Overseas ,All-Rounder, Rajasthan Royals,"7,20,00,000"
2018,Krishnappa Gowtham,Not Available,Bowler, Rajasthan Royals,"6,20,00,000"
2018,Jos Buttler,Not Available,Wicket Keeper, Rajasthan Royals,"4,40,00,000"
2018,Ajinkya Rahane,Indian ,Batsman, Rajasthan Royals,"4,00,00,000"
2018,Darcy Short,Not Available,All-Rounder, Rajasthan Royals,"4,00,00,000"
2018,Rahul Tripathi,Indian ,Batsman, Rajasthan Royals,"3,40,00,000"
2018,Dhawal Kulkarni,Not Available,Bowler, Rajasthan Royals,"75,00,000"
2018,Zahir Khan Pakteen,Not Available,Bowler, Rajasthan Royals,"60,00,000"
2018,Ben Laughlin,Not Available,Bowler, Rajasthan Royals,"50,00,000"
2018,Stuart Binny,Not Available,All-Rounder, Rajasthan Royals,"50,00,000"
2018,Dushmantha Chameera,Overseas ,Bowler, Rajasthan Royals,"50,00,000"
2018,Anureet Singh,Not Available,Bowler, Rajasthan Royals,"30,00,000"
2018,Aryaman Vikram Birla,Not Available,All-Rounder, Rajasthan Royals,"30,00,000"
2018,Midhun S,Not Available,All-Rounder, Rajasthan Royals,"20,00,000"
2018,Shreyas Gopal,Indian ,All-Rounder, Rajasthan Royals,"20,00,000"
2018,Prashant Chopra,Not Available,Wicket Keeper, Rajasthan Royals,"20,00,000"
2018,Jatin Saxena,Indian ,All-Rounder, Rajasthan Royals,"20,00,000"
2018,Ankit Sharma,Not Available,All-Rounder, Rajasthan Royals,"20,00,000"
2018,Mahipal Lomror,Indian ,All-Rounder, Rajasthan Royals,"20,00,000"
2018,Chris Woakes,Not Available,All-Rounder, Royal Challengers Bangalore,"7,40,00,000"
2018,Yuzvendra Singh Chahal,Not Available,Bowler, Royal Challengers Bangalore,"6,00,00,000"
2018,Umesh Yadav,Indian ,Bowler, Royal Challengers Bangalore,"4,20,00,000"
2018,Brendon McCullum,Not Available,Batsman, Royal Challengers Bangalore,"3,60,00,000"
2018,M.S. Washington Sundar,Not Available,All-Rounder, Royal Challengers Bangalore,"3,20,00,000"
2018,Navdeep Saini,Indian ,Bowler, Royal Challengers Bangalore,"3,00,00,000"
2018,Quinton De Kock,Overseas ,Wicket Keeper, Royal Challengers Bangalore,"2,80,00,000"
2018,Mohammed Siraj,Not Available,Bowler, Royal Challengers Bangalore,"2,60,00,000"
2018,Nathan Coulter-Nile,Overseas ,Bowler, Royal Challengers Bangalore,"2,20,00,000"
2018,Colin De Grandhomme,Not Available,All-Rounder, Royal Challengers Bangalore,"2,20,00,000"
2018,M. Ashwin,Not Available,Bowler, Royal Challengers Bangalore,"2,20,00,000"
2018,Parthiv Patel,Not Available,Wicket Keeper, Royal Challengers Bangalore,"1,70,00,000"
2018,Moeen Ali,Not Available,All-Rounder, Royal Challengers Bangalore,"1,70,00,000"
2018,Mandeep Singh,Indian ,All-Rounder, Royal Challengers Bangalore,"1,40,00,000"
2018,Manan Vohra,Indian ,Batsman, Royal Challengers Bangalore,"1,10,00,000"
2018,Pawan Negi,Not Available,All-Rounder, Royal Challengers Bangalore,"1,00,00,000"
2018,Tim Southee,Overseas ,Bowler, Royal Challengers Bangalore,"1,00,00,000"
2018,Kulwant Khejroliya,Indian ,Bowler, Royal Challengers Bangalore,"85,00,000"
2018,Aniket Choudhary,Not Available,Bowler, Royal Challengers Bangalore,"30,00,000"
2018,Pavan Deshpande,Not Available,All-Rounder, Royal Challengers Bangalore,"20,00,000"
2018,Anirudha Ashok Joshi,Not Available,All-Rounder, Royal Challengers Bangalore,"20,00,000"
2018,Manish Pandey,Indian ,Batsman, Sunrisers Hyderabad,"11,00,00,000"
2018,Rashid Khan Arman,Not Available,Bowler, Sunrisers Hyderabad,"9,00,00,000"
2018,Shikhar Dhawan,Indian ,Batsman, Sunrisers Hyderabad,"5,20,00,000"
2018,Wriddhiman Saha,Indian ,Wicket Keeper, Sunrisers Hyderabad,"5,00,00,000"
2018,Siddarth Kaul,Indian ,Bowler, Sunrisers Hyderabad,"3,80,00,000"
2018,Deepak Hooda,Indian ,All-Rounder, Sunrisers Hyderabad,"3,60,00,000"
2018,Syed Khaleel Ahmed,Indian ,Bowler, Sunrisers Hyderabad,"3,00,00,000"
2018,Sandeep Sharma,Indian ,Bowler, Sunrisers Hyderabad,"3,00,00,000"
2018,Kane Williamson,Overseas ,Batsman, Sunrisers Hyderabad,"3,00,00,000"
2018,Carlos Brathwaite,Not Available,All-Rounder, Sunrisers Hyderabad,"2,00,00,000"
2018,Shakib Al Hasan,Overseas ,All-Rounder, Sunrisers Hyderabad,"2,00,00,000"
2018,Yusuf Pathan,Indian ,All-Rounder, Sunrisers Hyderabad,"1,90,00,000"
2018,Shreevats Goswami,Not Available,Wicket Keeper, Sunrisers Hyderabad,"1,00,00,000"
2018,Mohammad Nabi,Overseas ,All-Rounder, Sunrisers Hyderabad,"1,00,00,000"
2018,Chris Jordan,Not Available,All-Rounder, Sunrisers Hyderabad,"1,00,00,000"
2018,Basil Thampi,Not Available,Bowler, Sunrisers Hyderabad,"95,00,000"
2018,Billy Stanlake,Not Available,Batsman, Sunrisers Hyderabad,"50,00,000"
2018,T Natarajan,Indian ,Bowler, Sunrisers Hyderabad,"40,00,000"
2018,Sachin Baby,Not Available,Batsman, Sunrisers Hyderabad,"20,00,000"
2018,Bipul Sharma,Not Available,All-Rounder, Sunrisers Hyderabad,"20,00,000"
2018,Syed Mehdi Hasan,Not Available,All-Rounder, Sunrisers Hyderabad,"20,00,000"
2018,Ricky Bhui,Not Available,Batsman, Sunrisers Hyderabad,"20,00,000"
2018,Tanmay Agarwal,Not Available,Batsman, Sunrisers Hyderabad,"20,00,000"
2017,Jason Roy,Overseas ,Batsman,Gujarat Lions,"1,00,00,000"
2017,Basil Thampi,Not Available,Bowler,Gujarat Lions,"85,00,000"
2017,Manpreet Gony,Not Available,Bowler,Gujarat Lions,"60,00,000"
2017,Nathu Singh,Not Available,Bowler,Gujarat Lions,"50,00,000"
2017,Munaf Patel,Indian ,Bowler,Gujarat Lions,"30,00,000"
2017,Akshdeep Nath,Not Available,All-Rounder,Gujarat Lions,"10,00,000"
2017,Shubam Agrawal,Not Available,All-Rounder,Gujarat Lions,"10,00,000"
2017,Tejas Baroka ,Indian ,Bowler,Gujarat Lions,"10,00,000"
2017,Chirag Suri,Not Available,Batsman,Gujarat Lions,"10,00,000"
2017,Pratham Singh,Indian ,All-Rounder,Gujarat Lions,"10,00,000"
2017,Shelley Shaurya,Not Available,Bowler,Gujarat Lions,"10,00,000"
2017,T Natarajan,Indian ,Bowler,Kings XI Punjab,"3,00,00,000"
2017,Varun Aaron,Indian ,Bowler,Kings XI Punjab,"2,80,00,000"
2017,Eoin Morgan,Not Available,Batsman,Kings XI Punjab,"2,00,00,000"
2017,Matt Henry,Not Available,Bowler,Kings XI Punjab,"50,00,000"
2017,Martin Guptill,Not Available,Batsman,Kings XI Punjab,"50,00,000"
2017,Darren Sammy,Not Available,All-Rounder,Kings XI Punjab,"30,00,000"
2017,Rahul Tewatia,Indian ,All-Rounder,Kings XI Punjab,"25,00,000"
2017,Rinku Singh,Indian ,Batsman,Kings XI Punjab,"10,00,000"
2017,Trent Boult,Overseas ,Bowler,Kolkata Knight Riders,"5,00,00,000"
2017,Chris Woakes,Not Available,All-Rounder,Kolkata Knight Riders,"4,20,00,000"
2017,Nathan Coulter-Nile,Overseas ,Bowler,Kolkata Knight Riders,"3,50,00,000"
2017,Rishi Dhawan,Indian ,All-Rounder,Kolkata Knight Riders,"55,00,000"
2017,Darren Bravo,Not Available,Batsman,Kolkata Knight Riders,"50,00,000"
2017,Rovman Powell,Overseas ,All-Rounder,Kolkata Knight Riders,"30,00,000"
2017,Sayan Ghosh,Not Available,Bowler,Kolkata Knight Riders,"10,00,000"
2017,R. Sanjay Yadav,Not Available,All-Rounder,Kolkata Knight Riders,"10,00,000"
2017,Ishank Jaggi,Not Available,Batsman,Kolkata Knight Riders,"10,00,000"
2017,Karn Sharma,Indian ,All-Rounder,Mumbai Indians,"3,20,00,000"
2017,Krishnappa Gowtham,Not Available,All-Rounder,Mumbai Indians,"2,00,00,000"
2017,Mitchell Johnson,Not Available,Bowler,Mumbai Indians,"2,00,00,000"
2017,Asela Gunarathna,Not Available,Batsman,Mumbai Indians,"30,00,000"
2017,Saurabh Tiwary,Not Available,Batsman,Mumbai Indians,"30,00,000"
2017,Nicholas Pooran,Overseas ,Wicket Keeper,Mumbai Indians,"30,00,000"
2017,Kulwant Khejroliya,Indian ,Bowler,Mumbai Indians,"10,00,000"
2017,Benjamin Stokes,Not Available,All-Rounder,Rising Pune Supergiant,"14,50,00,000"
2017,Daniel Christian,Not Available,All-Rounder,Rising Pune Supergiant,"1,00,00,000"
2017,Manoj Tiwary,Indian ,Batsman,Rising Pune Supergiant,"50,00,000"
2017,Lockie Ferguson ,Overseas ,Bowler,Rising Pune Supergiant,"50,00,000"
2017,Jaydev Unadkat,Indian ,Bowler,Rising Pune Supergiant,"30,00,000"
2017,Rahul Chahar,Indian ,Bowler,Rising Pune Supergiant,"10,00,000"
2017,Saurabh Kumar,Not Available,Bowler,Rising Pune Supergiant,"10,00,000"
2017,Milind Tandon,Not Available,All-Rounder,Rising Pune Supergiant,"10,00,000"
2017,Rahul Ajay Tripathi,Not Available,All-Rounder,Rising Pune Supergiant,"10,00,000"
2017,Tymal Mills,Overseas ,Bowler, Royal Challengers Bangalore,"12,00,00,000"
2017,Aniket Choudhary,Not Available,Bowler, Royal Challengers Bangalore,"2,00,00,000"
2017,Pawan Negi,Not Available,All-Rounder, Royal Challengers Bangalore,"1,00,00,000"
2017,Billy Stanlake,Not Available,Bowler, Royal Challengers Bangalore,"30,00,000"
2017,Pravin Dubey,Indian ,All-Rounder, Royal Challengers Bangalore,"10,00,000"
2017,Rashid Khan Arman,Not Available,Bowler, Sunrisers Hyderabad,"4,00,00,000"
2017,Mohammed Siraj,Not Available,Bowler, Sunrisers Hyderabad,"2,60,00,000"
2017,Eklavya Dwivedi,Not Available,Wicket Keeper, Sunrisers Hyderabad,"75,00,000"
2017,Chris Jordan,Not Available,All-Rounder, Sunrisers Hyderabad,"50,00,000"
2017,Mohammad Nabi,Overseas ,All-Rounder, Sunrisers Hyderabad,"30,00,000"
2017,Ben Laughlin,Not Available,Bowler, Sunrisers Hyderabad,"30,00,000"
2017,Pravin Tambe,Indian ,Bowler, Sunrisers Hyderabad,"10,00,000"
2017,Tanmay Agarwal,Not Available,Batsman, Sunrisers Hyderabad,"10,00,000"
2016,Praveen Kumar,Not Available,Bowler,Gujarat Lions,"3,50,00,000"
2016,Dale Steyn,Not Available,Bowler,Gujarat Lions,"2,30,00,000"
2016,Dinesh Karthik,Indian ,Wicket Keeper,Gujarat Lions,"2,30,00,000"
2016,Dwayne Smith,Not Available,All-Rounder,Gujarat Lions,"2,30,00,000"
2016,Dhawal Kulkarni,Not Available,Bowler,Gujarat Lions,"2,00,00,000"
2016,Aaron Finch,Not Available,Batsman,Gujarat Lions,"1,00,00,000"
2016,Eklavya Dwivedi,Not Available,Wicket Keeper,Gujarat Lions,"1,00,00,000"
2016,Andrew Tye,Not Available,All-Rounder,Gujarat Lions,"50,00,000"
2016,Ishan Kishan,Indian ,Wicket Keeper,Gujarat Lions,"35,00,000"
2016,Jaydev Shah,Not Available,All-Rounder,Gujarat Lions,"20,00,000"
2016,Shadab Jakati,Not Available,All-Rounder,Gujarat Lions,"20,00,000"
2016,Pravin Tambe,Indian ,Bowler,Gujarat Lions,"20,00,000"
2016,Pradeep Sangwan,Indian ,All-Rounder,Gujarat Lions,"20,00,000"
2016,Amit Mishra,Indian ,Bowler,Gujarat Lions,"10,00,000"
2016,Shivil Kaushik,Not Available,Bowler,Gujarat Lions,"10,00,000"
2016,Akshdeep Nath,Not Available,All-Rounder,Gujarat Lions,"10,00,000"
2016,Sarabjit Ladda,Not Available,Bowler,Gujarat Lions,"10,00,000"
2016,Umang Sharma,Not Available,Batsman,Gujarat Lions,"10,00,000"
2016,Paras Dogra,Not Available,Batsman,Gujarat Lions,"10,00,000"
2016,Mohit Sharma,Indian ,Bowler,Kings XI Punjab,"6,50,00,000"
2016,Kyle Abbott,Not Available,Bowler,Kings XI Punjab,"2,10,00,000"
2016,K.C. Cariappa,Indian ,Bowler,Kings XI Punjab,"80,00,000"
2016,Marcus Stoinis,Not Available,All-Rounder,Kings XI Punjab,"55,00,000"
2016,Farhaan Behardien,Not Available,All-Rounder,Kings XI Punjab,"30,00,000"
2016,Pardeep Sahu,Not Available,All-Rounder,Kings XI Punjab,"10,00,000"
2016,Armaan Jaffer,Not Available,Batsman,Kings XI Punjab,"10,00,000"
2016,Swapnil Singh,Indian ,All-Rounder,Kings XI Punjab,"10,00,000"
2016,Jaydev Unadkat,Indian ,Bowler,Kolkata Knight Riders,"1,60,00,000"
2016,Ankit Singh Rajpoot,Indian ,Bowler,Kolkata Knight Riders,"1,50,00,000"
2016,John Hastings,Not Available,Bowler,Kolkata Knight Riders,"1,30,00,000"
2016,Jason Holder,Overseas ,All-Rounder,Kolkata Knight Riders,"70,00,000"
2016,Colin Munro,Not Available,All-Rounder,Kolkata Knight Riders,"30,00,000"
2016,Rajagopal Sathish,Not Available,All-Rounder,Kolkata Knight Riders,"20,00,000"
2016,Manan Ajay Sharma,Not Available,All-Rounder,Kolkata Knight Riders,"10,00,000"
2016,Jos Buttler,Not Available,Wicket Keeper,Mumbai Indians,"3,80,00,000"
2016,Nathu Singh,Not Available,Bowler,Mumbai Indians,"3,20,00,000"
2016,Tim Southee,Overseas ,Bowler,Mumbai Indians,"2,50,00,000"
2016,Krunal Pandya,Indian ,All-Rounder,Mumbai Indians,"2,00,00,000"
2016,Kishore Pramod Kamath,Not Available,All-Rounder,Mumbai Indians,"1,40,00,000"
2016,Deepak Punia,Not Available,All-Rounder,Mumbai Indians,"10,00,000"
2016,Jitesh Sharma,Indian ,Wicket Keeper,Mumbai Indians,"10,00,000"
2016,Mitchell Marsh,Overseas ,All-Rounder,Rising Pune Supergiant,"4,80,00,000"
2016,M. Ashwin,Not Available,Bowler,Rising Pune Supergiant,"4,50,00,000"
2016,Ishant Sharma,Indian ,Bowler,Rising Pune Supergiant,"3,80,00,000"
2016,Kevin Pietersen,Not Available,Batsman,Rising Pune Supergiant,"3,50,00,000"
2016,Irfan Pathan,Indian ,All-Rounder,Rising Pune Supergiant,"1,00,00,000"
2016,Thisara Perera,Overseas ,All-Rounder,Rising Pune Supergiant,"1,00,00,000"
2016,Rajat Bhatia,Not Available,All-Rounder,Rising Pune Supergiant,"60,00,000"
2016,Ashok Dinda,Not Available,Bowler,Rising Pune Supergiant,"50,00,000"
2016,Scott Boland,Not Available,Bowler,Rising Pune Supergiant,"50,00,000"
2016,Peter Handscomb,Not Available,Wicket Keeper,Rising Pune Supergiant,"30,00,000"
2016,Rudra Pratap Singh,Not Available,Bowler,Rising Pune Supergiant,"30,00,000"
2016,Adam Zampa,Overseas ,Bowler,Rising Pune Supergiant,"30,00,000"
2016,Ishwar Chandra Pandey,Not Available,Bowler,Rising Pune Supergiant,"20,00,000"
2016,Deepak Chahar,Indian ,All-Rounder,Rising Pune Supergiant,"10,00,000"
2016,Jaskaran Singh,Not Available,Bowler,Rising Pune Supergiant,"10,00,000"
2016,Baba Aparajith,Not Available,All-Rounder,Rising Pune Supergiant,"10,00,000"
2016,Ankush Bains,Not Available,Wicket Keeper,Rising Pune Supergiant,"10,00,000"
2016,Ankit Sharma,Not Available,All-Rounder,Rising Pune Supergiant,"10,00,000"
2016,Shane Watson,Not Available,All-Rounder, Royal Challengers Bangalore,"9,50,00,000"
2016,Stuart Binny,Not Available,All-Rounder, Royal Challengers Bangalore,"2,00,00,000"
2016,Kane Richardson,Not Available,Bowler, Royal Challengers Bangalore,"2,00,00,000"
2016,Samuel Badree,Not Available,Bowler, Royal Challengers Bangalore,"50,00,000"
2016,Travis Head,Not Available,Batsman, Royal Challengers Bangalore,"50,00,000"
2016,Pravin Dubey,Indian ,All-Rounder, Royal Challengers Bangalore,"35,00,000"
2016,Vikramjeet Malik,Not Available,Bowler, Royal Challengers Bangalore,"20,00,000"
2016,Akshay Karnewar,Not Available,All-Rounder, Royal Challengers Bangalore,"10,00,000"
2016,Iqbal Abdullah,Not Available,All-Rounder, Royal Challengers Bangalore,"10,00,000"
2016,Sachin Baby,Not Available,Batsman, Royal Challengers Bangalore,"10,00,000"
2016,Vikas Tokas,Not Available,Bowler, Royal Challengers Bangalore,"10,00,000"
2016,Yuvraj Singh,Indian ,All-Rounder, Sunrisers Hyderabad,"7,00,00,000"
2016,Ashish Nehra,Not Available,Bowler, Sunrisers Hyderabad,"5,50,00,000"
2016,Deepak Hooda,Indian ,All-Rounder, Sunrisers Hyderabad,"4,20,00,000"
2016,Mustafizur Rahman,Overseas ,Bowler, Sunrisers Hyderabad,"1,40,00,000"
2016,Aditya Tare,Not Available,Wicket Keeper, Sunrisers Hyderabad,"1,20,00,000"
2016,Barinder Singh Sran,Not Available,Bowler, Sunrisers Hyderabad,"1,20,00,000"
2016,Ben Cutting,Not Available,All-Rounder, Sunrisers Hyderabad,"50,00,000"
2016,Vijay Shankar,Indian ,All-Rounder, Sunrisers Hyderabad,"35,00,000"
2016,Abhimanyu Mithun,Not Available,Bowler, Sunrisers Hyderabad,"30,00,000"
2016,Tirumalasetti Suman,Not Available,Batsman, Sunrisers Hyderabad,"10,00,000"
2015,Yuvraj Singh,Indian ,Batsman,Delhi Daredevils,"16,00,00,000"
2015,Angelo Mathews,Not Available,All-Rounder,Delhi Daredevils,"7,50,00,000"
2015,Zaheer Khan,Indian ,Bowler,Delhi Daredevils,"4,00,00,000"
2015,Amit Mishra,Indian ,Bowler,Delhi Daredevils,"3,50,00,000"
2015,Shreyas Iyer,Indian ,Batsman,Delhi Daredevils,"2,60,00,000"
2015,Gurinder Sandhu,Not Available,Bowler,Delhi Daredevils,"1,70,00,000"
2015,Jaydev Unadkat,Indian ,Bowler,Delhi Daredevils,"1,10,00,000"
2015,Domnic Joseph Muthuswamy,Not Available,Bowler,Delhi Daredevils,"75,00,000"
2015,Albie Morkel,Not Available,All-Rounder,Delhi Daredevils,"30,00,000"
2015,Travis Head,Not Available,Batsman,Delhi Daredevils,"30,00,000"
2015,Marcus Stoinis,Not Available,All-Rounder,Delhi Daredevils,"25,00,000"
2015,C.M. Gautam,Not Available,Wicket Keeper,Delhi Daredevils,"20,00,000"
2015,Kona Srikar Bharat,Not Available,Wicket Keeper,Delhi Daredevils,"10,00,000"
2015,K.K. Jiyaz,Not Available,Bowler,Delhi Daredevils,"10,00,000"
2015,Murali Vijay,Not Available,Batsman,Kings XI Punjab,"3,00,00,000"
2015,Nikhil Shankar Naik,Indian ,Wicket Keeper,Kings XI Punjab,"30,00,000"
2015,Yogesh Gowalkar,Not Available,All-Rounder,Kings XI Punjab,"10,00,000"
2015,K.C. Cariappa,Indian ,Bowler,Kolkata Knight Riders,"2,40,00,000"
2015,James Neesham,Overseas ,All-Rounder,Kolkata Knight Riders,"50,00,000"
2015,Brad Hogg,Not Available,Bowler,Kolkata Knight Riders,"50,00,000"
2015,Aditya Garhwal,Not Available,All-Rounder,Kolkata Knight Riders,"25,00,000"
2015,Sheldon Jackson,Indian ,Batsman,Kolkata Knight Riders,"15,00,000"
2015,Sumit Narwal,Not Available,All-Rounder,Kolkata Knight Riders,"10,00,000"
2015,Vaibhav Rawal,Not Available,All-Rounder,Kolkata Knight Riders,"10,00,000"
2015,Aaron Finch,Not Available,Batsman,Mumbai Indians,"3,20,00,000"
2015,Pragyan Ojha,Not Available,Bowler,Mumbai Indians,"50,00,000"
2015,Abhimanyu Mithun,Not Available,Bowler,Mumbai Indians,"30,00,000"
2015,Mitchell McClenaghan,Not Available,Bowler,Mumbai Indians,"30,00,000"
2015,Aiden Blizzard,Not Available,Batsman,Mumbai Indians,"30,00,000"
2015,Hardik Pandya,Not Available,All-Rounder,Mumbai Indians,"10,00,000"
2015,Akshay Wakhare,Not Available,Bowler,Mumbai Indians,"10,00,000"
2015,Nitish Rana,Indian ,All-Rounder,Mumbai Indians,"10,00,000"
2015,Siddhesh Dinesh Lad,Indian ,All-Rounder,Mumbai Indians,"10,00,000"
2015,J. Suchitch,Indian ,All-Rounder,Mumbai Indians,"10,00,000"
2015,Christopher Morris,Not Available,All-Rounder,Rajasthan Royals,"1,40,00,000"
2015,Juan Theron,Not Available,Bowler,Rajasthan Royals,"30,00,000"
2015,Barinder Singh Saran,Not Available,Bowler,Rajasthan Royals,"10,00,000"
2015,Dinesh Salunkhe,Not Available,All-Rounder,Rajasthan Royals,"10,00,000"
2015,Sagar Trivedi,Not Available,All-Rounder,Rajasthan Royals,"10,00,000"
2015,Pardeep Sahu,Not Available,All-Rounder,Rajasthan Royals,"10,00,000"
2015,Dinesh Karthik,Indian ,Wicket Keeper, Royal Challengers Bangalore,"10,50,00,000"
2015,Darren Sammy,Not Available,All-Rounder, Royal Challengers Bangalore,"2,80,00,000"
2015,David Wiese,Overseas ,All-Rounder, Royal Challengers Bangalore,"2,80,00,000"
2015,Sean Abbott,Overseas ,Bowler, Royal Challengers Bangalore,"1,00,00,000"
2015,Adam Milne,Overseas ,Bowler, Royal Challengers Bangalore,"70,00,000"
2015,Sarfaraz Naushad Khan,Not Available,Batsman, Royal Challengers Bangalore,"50,00,000"
2015,Subramaniam Badrinath,Not Available,Batsman, Royal Challengers Bangalore,"30,00,000"
2015,Jalaj Saxena,Not Available,All-Rounder, Royal Challengers Bangalore,"10,00,000"
2015,Shishir Bhavane,Indian ,Batsman, Royal Challengers Bangalore,"10,00,000"
2015,Trent Boult,Overseas ,Bowler, Sunrisers Hyderabad,"3,80,00,000"
2015,Praveen Kumar,Not Available,Bowler, Sunrisers Hyderabad,"2,20,00,000"
2015,Kevin Pietersen,Not Available,Batsman, Sunrisers Hyderabad,"2,00,00,000"
2015,Eoin Morgan,Not Available,Batsman, Sunrisers Hyderabad,"1,50,00,000"
2015,Ravi Bopara,Not Available,All-Rounder, Sunrisers Hyderabad,"1,00,00,000"
2015,Kane Williamson,Overseas ,All-Rounder, Sunrisers Hyderabad,"60,00,000"
2015,Laxmi Ratan Shukla,Not Available,All-Rounder, Sunrisers Hyderabad,"30,00,000"
2015,Prasanth Padmanabhan,Not Available,All-Rounder, Sunrisers Hyderabad,"10,00,000"
2015,Hanuma Vihari,Not Available,Batsman, Sunrisers Hyderabad,"10,00,000"
2015,Siddarth Kaul,Indian ,Bowler, Sunrisers Hyderabad,"10,00,000"
2014,Dinesh Karthik,Indian ,Wicket Keeper,Delhi Daredevils,"12,50,00,000"
2014,Kevin Pietersen,Not Available,Batsman,Delhi Daredevils,"9,00,00,000"
2014,Murali Vijay,Not Available,Batsman,Delhi Daredevils,"5,00,00,000"
2014,Mohammad Shami,Indian ,Bowler,Delhi Daredevils,"4,25,00,000"
2014,Nathan Coulter-Nile,Overseas ,Bowler,Delhi Daredevils,"4,25,00,000"
2014,Quinton De Kock,Overseas ,Wicket Keeper,Delhi Daredevils,"3,50,00,000"
2014,Manoj Tiwary,Indian ,Batsman,Delhi Daredevils,"2,80,00,000"
2014,Jaydev Unadkat,Indian ,Bowler,Delhi Daredevils,"2,80,00,000"
2014,Jean-Paul Duminy,Not Available,Batsman,Delhi Daredevils,"2,20,00,000"
2014,Ross Taylor,Not Available,Batsman,Delhi Daredevils,"2,00,00,000"
2014,Kedar Jadhav,Not Available,Batsman,Delhi Daredevils,"2,00,00,000"
2014,Rahul Sharma,Not Available,Bowler,Delhi Daredevils,"1,90,00,000"
2014,Mayank Agarwal,Indian ,Batsman,Delhi Daredevils,"1,60,00,000"
2014,Laxmi Ratan Shukla,Not Available,All-Rounder,Delhi Daredevils,"1,50,00,000"
2014,James Neesham,Overseas ,All-Rounder,Delhi Daredevils,"1,00,00,000"
2014,Wayne Parnell,Not Available,Bowler,Delhi Daredevils,"1,00,00,000"
2014,Shahbaz Nadeem,Indian ,Bowler,Delhi Daredevils,"85,00,000"
2014,Saurabh Tiwary,Not Available,Batsman,Delhi Daredevils,"70,00,000"
2014,Siddarth Kaul,Indian ,Bowler,Delhi Daredevils,"45,00,000"
2014,Rahul Shukla,Not Available,Bowler,Delhi Daredevils,"40,00,000"
2014,Jayant Yadav,Indian ,All-Rounder,Delhi Daredevils,"10,00,000"
2014,HS Sharath,Not Available,Bowler,Delhi Daredevils,"10,00,000"
2014,Milind Kumar,Not Available,Batsman,Delhi Daredevils,"10,00,000"
2014,Mitchell Johnson,Not Available,All-Rounder,Kings XI Punjab,"6,50,00,000"
2014,Glenn Maxwell,Not Available,All-Rounder,Kings XI Punjab,"6,00,00,000"
2014,George Bailey,Not Available,Batsman,Kings XI Punjab,"3,25,00,000"
2014,Virender Sehwag,Indian ,Batsman,Kings XI Punjab,"3,20,00,000"
2014,Rishi Dhawan,Indian ,All-Rounder,Kings XI Punjab,"3,00,00,000"
2014,Wriddhiman Saha,Indian ,Wicket Keeper,Kings XI Punjab,"2,20,00,000"
2014,Shaun Marsh,Not Available,Batsman,Kings XI Punjab,"2,20,00,000"
2014,Cheteshwar Pujara,Not Available,Batsman,Kings XI Punjab,"1,90,00,000"
2014,Beuran Hendricks,Not Available,Bowler,Kings XI Punjab,"1,80,00,000"
2014,Lakshmipathy Balaji,Not Available,Bowler,Kings XI Punjab,"1,80,00,000"
2014,Thisara Perera,Overseas ,All-Rounder,Kings XI Punjab,"1,60,00,000"
2014,Gurkirat Singh Mann,Indian ,Batsman,Kings XI Punjab,"1,30,00,000"
2014,Murali Kartik,Not Available,Bowler,Kings XI Punjab,"1,00,00,000"
2014,Sandeep Sharma,Indian ,Bowler,Kings XI Punjab,"85,00,000"
2014,Mandeep Hardev Singh,Not Available,All-Rounder,Kings XI Punjab,"80,00,000"
2014,Akshar Rajesh Patel,Not Available,All-Rounder,Kings XI Punjab,"75,00,000"
2014,Parvinder Awana,Not Available,Bowler,Kings XI Punjab,"65,00,000"
2014,Shardul Narendra Thakur,Indian ,Bowler,Kings XI Punjab,"20,00,000"
2014,Anureet Singh,Not Available,Bowler,Kings XI Punjab,"20,00,000"
2014,Shivam Sharma,Indian ,Bowler,Kings XI Punjab,"10,00,000"
2014,Karanveer Singh,Not Available,All-Rounder,Kings XI Punjab,"10,00,000"
2014,Jacques Kallis,Not Available,All-Rounder,Kolkata Knight Riders,"5,50,00,000"
2014,Robin Uthappa,Indian ,Batsman,Kolkata Knight Riders,"5,00,00,000"
2014,Piyush Chawla,Indian ,Bowler,Kolkata Knight Riders,"4,25,00,000"
2014,Yusuf Pathan,Indian ,All-Rounder,Kolkata Knight Riders,"3,25,00,000"
2014,Shakib Al Hasan,Overseas ,All-Rounder,Kolkata Knight Riders,"2,80,00,000"
2014,Morne Morkel,Not Available,Bowler,Kolkata Knight Riders,"2,80,00,000"
2014,Ranganath Vinay Kumar,Not Available,Bowler,Kolkata Knight Riders,"2,80,00,000"
2014,Umesh Yadav,Indian ,Bowler,Kolkata Knight Riders,"2,60,00,000"
2014,Manish Pandey,Indian ,Batsman,Kolkata Knight Riders,"1,70,00,000"
2014,Chris Lynn,Not Available,Batsman,Kolkata Knight Riders,"1,30,00,000"
2014,Patrick Cummins,Not Available,Bowler,Kolkata Knight Riders,"1,00,00,000"
2014,Ryan Ten Doeschate,Not Available,All-Rounder,Kolkata Knight Riders,"1,00,00,000"
2014,Suryakumar Yadav,Not Available,Batsman,Kolkata Knight Riders,"70,00,000"
2014,Andre Russell,Not Available,All-Rounder,Kolkata Knight Riders,"60,00,000"
2014,Manvinder Bisla,Not Available,Wicket Keeper,Kolkata Knight Riders,"60,00,000"
2014,Veer Pratap Singh,Not Available,Bowler,Kolkata Knight Riders,"40,00,000"
2014,Kuldeep Singh Yadav,Indian ,Bowler,Kolkata Knight Riders,"40,00,000"
2014,Debabrata Das,Not Available,Wicket Keeper,Kolkata Knight Riders,"20,00,000"
2014,Sayan Sekhar Mandal,Not Available,All-Rounder,Kolkata Knight Riders,"10,00,000"
2014,Michael Hussey,Not Available,Batsman,Mumbai Indians,"5,00,00,000"
2014,Corey Anderson,Not Available,All-Rounder,Mumbai Indians,"4,50,00,000"
2014,Pragyan Ojha,Not Available,Bowler,Mumbai Indians,"3,25,00,000"
2014,Zaheer Khan,Indian ,Bowler,Mumbai Indians,"2,60,00,000"
2014,Aditya Tare,Not Available,Wicket Keeper,Mumbai Indians,"1,60,00,000"
2014,Jasprit Bumrah,Indian ,Bowler,Mumbai Indians,"1,20,00,000"
2014,Jalaj Saxena,Not Available,All-Rounder,Mumbai Indians,"90,00,000"
2014,Josh Hazlewood,Overseas ,Bowler,Mumbai Indians,"50,00,000"
2014,Marchant De Lange,Not Available,Bowler,Mumbai Indians,"30,00,000"
2014,Krismar Santokie,Not Available,Bowler,Mumbai Indians,"30,00,000"
2014,Ben Dunk,Not Available,Wicket Keeper,Mumbai Indians,"20,00,000"
2014,C.M. Gautam,Not Available,Wicket Keeper,Mumbai Indians,"20,00,000"
2014,Apoorv Vijay Wankhade,Not Available,Batsman,Mumbai Indians,"10,00,000"
2014,Pawan Suyal,Not Available,Bowler,Mumbai Indians,"10,00,000"
2014,Sushant Marathe,Not Available,Wicket Keeper,Mumbai Indians,"10,00,000"
2014,Shreyas Gopal,Indian ,Bowler,Mumbai Indians,"10,00,000"
2014,Steven Smith,Not Available,All-Rounder,Rajasthan Royals,"4,00,00,000"
2014,Brad Hodge,Not Available,Batsman,Rajasthan Royals,"2,40,00,000"
2014,Rajat Bhatia,Not Available,All-Rounder,Rajasthan Royals,"1,70,00,000"
2014,Tim Southee,Overseas ,Bowler,Rajasthan Royals,"1,20,00,000"
2014,Dhawal Kulkarni,Not Available,Bowler,Rajasthan Royals,"1,10,00,000"
2014,Abhishek Nayar,Not Available,All-Rounder,Rajasthan Royals,"1,00,00,000"
2014,Kane Richardson,Not Available,Bowler,Rajasthan Royals,"1,00,00,000"
2014,Ben Cutting,Not Available,Bowler,Rajasthan Royals,"80,00,000"
2014,Karun Nair,Indian ,Batsman,Rajasthan Royals,"75,00,000"
2014,Unmukt Chand,Not Available,Batsman,Rajasthan Royals,"65,00,000"
2014,Iqbal Abdullah,Not Available,All-Rounder,Rajasthan Royals,"65,00,000"
2014,Deepak Hooda,Indian ,Bowler,Rajasthan Royals,"40,00,000"
2014,Dishant Yagnik,Not Available,Wicket Keeper,Rajasthan Royals,"30,00,000"
2014,Kevon Cooper,Not Available,All-Rounder,Rajasthan Royals,"30,00,000"
2014,Vikramjeet Malik,Not Available,Bowler,Rajasthan Royals,"20,00,000"
2014,Ankit Nagendra Sharma,Not Available,Bowler,Rajasthan Royals,"10,00,000"
2014,Rahul Tewatia,Indian ,All-Rounder,Rajasthan Royals,"10,00,000"
2014,Ankush Bains,Not Available,Wicket Keeper,Rajasthan Royals,"10,00,000"
2014,Amit Mishra,Indian ,Bowler,Rajasthan Royals,"10,00,000"
2014,Pravin Tambe,Indian ,Bowler,Rajasthan Royals,"10,00,000"
2014,Yuvraj Singh,Indian ,All-Rounder, Royal Challengers Bangalore,"14,00,00,000"
2014,Mitchell Starc,Not Available,Bowler, Royal Challengers Bangalore,"5,00,00,000"
2014,Albie Morkel,Not Available,All-Rounder, Royal Challengers Bangalore,"2,40,00,000"
2014,Varun Aaron,Indian ,Bowler, Royal Challengers Bangalore,"2,00,00,000"
2014,Ashok Dinda,Not Available,Bowler, Royal Challengers Bangalore,"1,50,00,000"
2014,Parthiv Patel,Not Available,Wicket Keeper, Royal Challengers Bangalore,"1,40,00,000"
2014,Muttiah Muralitharan,Not Available,Bowler, Royal Challengers Bangalore,"1,00,00,000"
2014,Ravi Rampaul,Not Available,Bowler, Royal Challengers Bangalore,"90,00,000"
2014,Nic Maddinson,Not Available,Batsman, Royal Challengers Bangalore,"50,00,000"
2014,Harshal Patel,Indian ,Bowler, Royal Challengers Bangalore,"40,00,000"
2014,Vijay Zol,Not Available,Batsman, Royal Challengers Bangalore,"30,00,000"
2014,Abu Nechim Ahmed,Not Available,Bowler, Royal Challengers Bangalore,"30,00,000"
2014,Sachin Rana,Not Available,Bowler, Royal Challengers Bangalore,"20,00,000"
2014,Shadab Jakati,Not Available,Bowler, Royal Challengers Bangalore,"20,00,000"
2014,Sandeep Warrier,Not Available,Bowler, Royal Challengers Bangalore,"10,00,000"
2014,Tanmay Mishra,Not Available,Batsman, Royal Challengers Bangalore,"10,00,000"
2014,Yogesh Takawale,Not Available,Wicket Keeper, Royal Challengers Bangalore,"10,00,000"
2014,Yuzvendra Singh Chahal,Not Available,Bowler, Royal Challengers Bangalore,"10,00,000"
2014,David Warner,Overseas ,Batsman, Sunrisers Hyderabad,"5,50,00,000"
2014,Amit Mishra,Indian ,Bowler, Sunrisers Hyderabad,"4,75,00,000"
2014,Bhuvneshwar Kumar,Indian ,Bowler, Sunrisers Hyderabad,"4,25,00,000"
2014,Aaron Finch,Not Available,Batsman, Sunrisers Hyderabad,"4,00,00,000"
2014,Karn Sharma,Indian ,Bowler, Sunrisers Hyderabad,"3,75,00,000"
2014,Darren Sammy,Not Available,All-Rounder, Sunrisers Hyderabad,"3,50,00,000"
2014,Ishant Sharma,Indian ,Bowler, Sunrisers Hyderabad,"2,60,00,000"
2014,Irfan Pathan,Indian ,All-Rounder, Sunrisers Hyderabad,"2,40,00,000"
2014,Moises Henriques,Not Available,All-Rounder, Sunrisers Hyderabad,"1,00,00,000"
2014,KL Rahul,Not Available,Batsman, Sunrisers Hyderabad,"1,00,00,000"
2014,Parveez Rasool,Not Available,All-Rounder, Sunrisers Hyderabad,"95,00,000"
2014,Jason Holder,Overseas ,Bowler, Sunrisers Hyderabad,"75,00,000"
2014,Venugopal Rao,Not Available,Batsman, Sunrisers Hyderabad,"55,00,000"
2014,Naman Ojha,Not Available,Wicket Keeper, Sunrisers Hyderabad,"50,00,000"
2014,Brendan Taylor,Not Available,Wicket Keeper, Sunrisers Hyderabad,"30,00,000"
2014,Prasanth Parameswaran,Not Available,Bowler, Sunrisers Hyderabad,"30,00,000"
2014,Amit Paunikar,Not Available,Wicket Keeper, Sunrisers Hyderabad,"20,00,000"
2014,Ashish Reddy,Not Available,Bowler, Sunrisers Hyderabad,"20,00,000"
2014,Srikkanth Anirudha,Not Available,Batsman, Sunrisers Hyderabad,"20,00,000"
2014,Ricky Bhui,Not Available,Batsman, Sunrisers Hyderabad,"10,00,000"
2014,Chama Milind,Indian ,Bowler, Sunrisers Hyderabad,"10,00,000"
2014,Manprit Juneja,Not Available,Batsman, Sunrisers Hyderabad,"10,00,000"
2013,Johan Botha,Not Available,All-Rounder,Delhi Daredevils,"450,000"
2013,Jesse Ryder,Not Available,All-Rounder,Delhi Daredevils,"260,000"
2013,Jeevan Mendis,Not Available,All-Rounder,Delhi Daredevils,"50,000"
2013,Manpreet Gony,Not Available,Bowler,Kings XI Punjab,"500,000"
2013,Luke Pomersbach,Not Available,Batsman,Kings XI Punjab,"300,000"
2013,Sachithra Senanayaka,Not Available,All-Rounder,Kolkata Knight Riders,"625,000"
2013,Ryan McLaren,Not Available,Bowler,Kolkata Knight Riders,"50,000"
2013,Glenn Maxwell,Not Available,All-Rounder,Mumbai Indians,"1,000,000"
2013,Nathan Coulter-Nile,Overseas ,Bowler,Mumbai Indians,"450,000"
2013,Ricky Ponting,Not Available,Batsman,Mumbai Indians,"400,000"
2013,Philip Hughes,Not Available,Batsman,Mumbai Indians,"100,000"
2013,Jacob Oram,Not Available,All-Rounder,Mumbai Indians,"50,000"
2013,Ajantha Mendis,Not Available,Bowler,Pune Warriors India,"725,000"
2013,Kane Richardson,Not Available,Bowler,Pune Warriors India,"700,000"
2013,Abhishek Nayar,Not Available,All-Rounder,Pune Warriors India,"675,000"
2013,Michael Clarke,Not Available,Batsman,Pune Warriors India,"400,000"
2013,James Faulkner,Not Available,All-Rounder,Rajasthan Royals,"400,000"
2013,Fidel Edwards,Not Available,Bowler,Rajasthan Royals,"210,000"
2013,Kusal Janith Perera,Not Available,Wicket Keeper,Rajasthan Royals,"20,000"
2013,Jaydev Unadkat,Indian ,Bowler, Royal Challengers Bangalore,"525,000"
2013,Rudra Pratap Singh,Not Available,Bowler, Royal Challengers Bangalore,"400,000"
2013,Moises Henriques,Not Available,All-Rounder, Royal Challengers Bangalore,"300,000"
2013,Ravi Rampaul,Not Available,Bowler, Royal Challengers Bangalore,"290,000"
2013,Pankaj Singh,Not Available,Bowler, Royal Challengers Bangalore,"150,000"
2013,Daniel Christian,Not Available,All-Rounder, Royal Challengers Bangalore,"100,000"
2013,Christopher Barnwell,Not Available,All-Rounder, Royal Challengers Bangalore,"50,000"
2013,Thisara Perera,Overseas ,All-Rounder, Sunrisers Hyderabad,"675,000"
2013,Darren Sammy,Not Available,All-Rounder, Sunrisers Hyderabad,"425,000"
2013,Sudeep Tyagi,Not Available,Bowler, Sunrisers Hyderabad,"100,000"
2013,Clinton McKay,Not Available,Bowler, Sunrisers Hyderabad,"100,000"
2013,Nathan McCullum,Not Available,Bowler, Sunrisers Hyderabad,"100,000"
2013,Quinton De Kock,Overseas ,Wicket Keeper, Sunrisers Hyderabad,"20,000"
